摘要,事务密钥,事务ID,事务类型,状态,项目键,项目名称,项目类型,项目负责人,项目主管 ID,项目描述,优先级,解决方案,经办人,经办人 ID,报告人,报告人 ID,创建者,创建者 ID,已创建,已更新,最近查看过的,已解决,截止日期,表决,标签,描述,环境,管理关注列表,管理关注列表,管理关注列表,关注者 ID,关注者 ID,关注者 ID,登记工作日志,登记工作日志,原始预估,剩余估计量,所用时间,工作量比率,初始预估时间总计,Σ 剩余估计量,总耗费时间,安全级别,附件,附件,附件,附件,附件,附件,自定义字段 (Actual Result),自定义字段 (Affected Version),自定义字段 (Affected services),自定义字段 (Affects Versions),自定义字段 (Approvals),自定义字段 (Asset type),自定义字段 (Atlassian 项目),自定义字段 (Atlassian 项目状态),自定义字段 (BOM Name),自定义字段 (BOM name and version),自定义字段 (Bug Fix Point),自定义字段 (Category),自定义字段 (Client),自定义字段 (Customer Name),自定义字段 (Design Completion Date),自定义字段 (Device),自定义字段 (End Date),自定义字段 (Epic Color),自定义字段 (Epic Name),自定义字段 (Epic Status),自定义字段 (Expected Due Date),自定义字段 (Expected Result),自定义字段 (Feasibility Completion Date),自定义字段 (Fix Versions),自定义字段 (Issue color),自定义字段 (Locked forms),自定义字段 (Open forms),自定义字段 (Pain Point ),自定义字段 (Priority),自定义字段 (Prod Approved By),自定义字段 (Production Completion Date),自定义字段 (Production Only),自定义字段 (Production Status),自定义字段 (Project),自定义字段 (Project overview key),自定义字段 (Project overview status),自定义字段 (R&D completion time),自定义字段 (Rank),自定义字段 (Reference),自定义字段 (Reproduction),自定义字段 (Request Type),自定义字段 (Request language),自定义字段 (Request participants),自定义字段 (Resolution),自定义字段 (Resolver),自定义字段 (Resolver),自定义字段 (Resolver)ID,自定义字段 (Resolver),满意度评级,自定义字段 (Satisfaction date),自定义字段 (Scheduled Completion Date),自定义字段 (Sentiment),自定义字段 (Solution),自定义字段 (Solution Approach),自定义字段 (Staging Approved By),自定义字段 (Staging Completion Date),自定义字段 (Staging Status),自定义字段 (Start date),自定义字段 (Story Points),自定义字段 (Story point estimate),自定义字段 (Story point estimate),自定义字段 (Story point estimate),自定义字段 (Submitted forms),自定义字段 (Tag),自定义字段 (Target Completion Date),自定义字段 (Target Timeline),自定义字段 (Target end),自定义字段 (Target start),自定义字段 (Task Point),自定义字段 (Task Point),自定义字段 (Task Point),自定义字段 (Team),自定义字段 (Time to first response),自定义字段 (Time to resolution),自定义字段 (Total forms),自定义字段 (Trade Show Date),自定义字段 (Version),自定义字段 (Version Type),自定义字段 (Vulnerability),自定义字段 (Workflow Needed),自定义字段 ([CHART] Date of First Response),自定义字段 ([CHART] Time in Status),自定义字段 (development),自定义字段 (交付状态),自定义字段 (交付进度),自定义字段 (产品需求状态),自定义字段 (产品需求状态),自定义字段 (产品需求状态),自定义字段 (优先级),自定义字段 (修复版本),自定义字段 (修复版本),自定义字段 (修复版本),自定义字段 (修复版本),自定义字段 (修复版本),自定义字段 (修复版本),自定义字段 (修复版本),自定义字段 (修复版本),自定义字段 (修复版本),自定义字段 (修复版本),自定义字段 (修复版本),自定义字段 (修复版本),自定义字段 (修复版本),自定义字段 (值),自定义字段 (工作类别),自定义字段 (工作量),自定义字段 (已链接的项目),自定义字段 (影响),自定义字段 (影响分数),自定义字段 (影响版本),自定义字段 (影响版本),自定义字段 (影响版本),自定义字段 (影响版本),自定义字段 (影响版本),自定义字段 (影响版本),自定义字段 (影响版本),自定义字段 (影响版本),自定义字段 (影响版本),自定义字段 (影响版本),自定义字段 (影响版本),自定义字段 (影响版本),自定义字段 (影响版本),自定义字段 (影响版本),自定义字段 (微软),自定义字段 (想法已归档),自定义字段 (想法归档时间),自定义字段 (想法的简短描述),自定义字段 (截至日期),自定义字段 (报告人),自定义字段 (报告人)ID,自定义字段 (提测时间),自定义字段 (文档),自定义字段 (时间跟踪),自定义字段 (时间跟踪),自定义字段 (洞察信息),自定义字段 (环境),自定义字段 (环境),自定义字段 (环境),自定义字段 (目标),自定义字段 (类别),自定义字段 (置信度),自定义字段 (规格准备就绪),自定义字段 (设计准备就绪),自定义字段 (评论),自定义字段 (路线图),自定义字段 (重点领域),自定义字段 (项目),自定义字段 (项目开始),自定义字段 (项目目标),自定义字段 (预算),评论,评论,评论,评论,评论,父项,父项关键字,Parent summary,状态类别,状态类别已更改
硬件设计 Hardware design,DC320-1,36585,任务,CLOSED已关闭,DC320,AcuDC-320,business,Yanwen Wang,712020:8b826984-d86c-4a33-a641-251511cda1da,,Highest,完成,Feng Yan,712020:1d3d4fa8-c7de-4b15-895f-81520a20fcfb,Yanwen Wang,712020:8b826984-d86c-4a33-a641-251511cda1da,Yanwen Wang,712020:8b826984-d86c-4a33-a641-251511cda1da,10/六月/25 1:26 上午,24/十一月/25 12:30 上午,,24/十一月/25 12:30 上午,21/十一月/25 12:00 上午,0,,,,Yanwen Wang,,,712020:8b826984-d86c-4a33-a641-251511cda1da,,,,,,,,,,0,86400,,,,,,,,,,,,com.atlassian.servicedesk.plugins.approvals.internal.customfield.ApprovalsCFValue@7c2cd9ac,,,,,,,,,,,,,,,,,,,,,,,,,,,,,,,,,0|i03387:,,,,,,,,,,,,,,,,,,,,15/九月/25 12:00 上午,,,,,,,,,,,,,,,,,,,,,,,,11679_*:*_1_*:*_8381305448_*|*_11681_*:*_1_*:*_112703_*|*_11680_*:*_2_*:*_163104101,,,,,,,,,,,,,,,,,,,,,,,,,,,,,,,,,,,,,,,,,,,,,,,,,,,,,,,,,,,,,,,,,,,,,,,,,,,,完成,24/十一月/25 12:30 上午
Remote Display 样机调试,DC320-100,43073,子任务,CLOSED已关闭,DC320,AcuDC-320,business,Yanwen Wang,712020:8b826984-d86c-4a33-a641-251511cda1da,,Medium,完成,Yan Li,712020:9b0c3ba0-c41e-41b1-8cdb-da7c2fe260df,Yan Li,712020:9b0c3ba0-c41e-41b1-8cdb-da7c2fe260df,Yan Li,712020:9b0c3ba0-c41e-41b1-8cdb-da7c2fe260df,20/十月/25 9:13 下午,24/十一月/25 7:36 下午,,24/十一月/25 7:36 下午,19/十一月/25 12:00 上午,0,,,,Yan Li,,,712020:9b0c3ba0-c41e-41b1-8cdb-da7c2fe260df,,,,,,,,,,,,,,,,,,,,,,,com.atlassian.servicedesk.plugins.approvals.internal.customfield.ApprovalsCFValue@77d1f6c5,,,,,,,,,,,,,,,,,,,,,,,,,,,,,,,,,0|i03387:9,,,,,,,,,,,,,,,,,,,,18/十一月/25 12:00 上午,,,,,,,,,,,,,,,,,,,,,,,,11679_*:*_1_*:*_3021785273_*|*_11681_*:*_1_*:*_0,,,,,,,,,,,,,,,,,,,,,,,,,,,,,,,,,,,,,,,,,,,,,,,,,,,,,,,,,,,,,,,,,,,,,,,,,36585,DC320-1,硬件设计 Hardware design,完成,24/十一月/25 7:36 下午
Remote Display 联合调试,DC320-101,43074,子任务,IN PROGRESS正在进行,DC320,AcuDC-320,business,Yanwen Wang,712020:8b826984-d86c-4a33-a641-251511cda1da,,Medium,,Yan Li,712020:9b0c3ba0-c41e-41b1-8cdb-da7c2fe260df,Yan Li,712020:9b0c3ba0-c41e-41b1-8cdb-da7c2fe260df,Yan Li,712020:9b0c3ba0-c41e-41b1-8cdb-da7c2fe260df,20/十月/25 9:14 下午,24/十一月/25 7:39 下午,,,21/十一月/25 12:00 上午,0,,,,Yan Li,,,712020:9b0c3ba0-c41e-41b1-8cdb-da7c2fe260df,,,,,,,,,,,,,,,,,,,,,,,com.atlassian.servicedesk.plugins.approvals.internal.customfield.ApprovalsCFValue@46fd2772,,,,,,,,,,,,,,,,,,,,,,,,,,,,,,,,,0|i03387:d,,,,,,,,,,,,,,,,,,,,19/十一月/25 12:00 上午,,,,,,,,,,,,,,,,,,,,,,,,,,,,,,,,,,,,,,,,,,,,,,,,,,,,,,,,,,,,,,,,,,,,,,,,,,,,,,,,,,,,,,,,,,,,24/十一月/25 7:39 下午;712020:9b0c3ba0-c41e-41b1-8cdb-da7c2fe260df;1、软件继续调试中，预计周四提供完整韧件,,,,,36585,DC320-1,硬件设计 Hardware design,正在进行,24/十一月/25 7:38 下午
PCB尺寸预估,DC320-65,41111,子任务,CLOSED已关闭,DC320,AcuDC-320,business,Yanwen Wang,712020:8b826984-d86c-4a33-a641-251511cda1da,,Medium,完成,Feng Yan,712020:1d3d4fa8-c7de-4b15-895f-81520a20fcfb,程少立,712020:44c146bf-076a-4f8e-a202-598eca2d3595,程少立,712020:44c146bf-076a-4f8e-a202-598eca2d3595,15/九月/25 1:13 上午,24/十一月/25 12:30 上午,,16/九月/25 10:55 下午,17/九月/25 12:00 上午,0,,,,程少立,,,712020:44c146bf-076a-4f8e-a202-598eca2d3595,,,,,,,,,,,,,16/九月/25 10:57 下午;6145db0f-a41c-48cb-b2fa-6a25b515ae86;image-20250917-025712.png;https://accuenergy.atlassian.net/rest/api/3/attachment/content/73011,,,,,,,,,,com.atlassian.servicedesk.plugins.approvals.internal.customfield.ApprovalsCFValue@1d58d582,,,,,,,,,,,,,,,,,,,,,,,,,,,,,,,,,0|i03387:i,,,,,,,,,,,,,,,,,,,,12/九月/25 12:00 上午,,,,,,,,,,,,,,,,,,,,,,,,11679_*:*_1_*:*_1271446_*|*_11680_*:*_1_*:*_0,,,,,,,,,,,,,,,,,,,,,,,,,,,,,,,,,,,,,,,,,,,,,,,,,,,,,,,,,,,,,,,,,,,,"16/九月/25 10:56 下午;712020:44c146bf-076a-4f8e-a202-598eca2d3595;目前采用类似AcuDC-300的架构，主板+MCU板+显示板，主板评估尺寸为80mmX140mm，MCU板和显示板和AcuDC-300尺寸相同。

主板3D图如下：

!image-20250917-025712.png|width=443,height=761,alt=""image-20250917-025712.png""!",,,,,36585,DC320-1,硬件设计 Hardware design,完成,16/九月/25 10:55 下午
系统框图设计,DC320-2,36586,子任务,CLOSED已关闭,DC320,AcuDC-320,business,Yanwen Wang,712020:8b826984-d86c-4a33-a641-251511cda1da,,Medium,完成,Feng Yan,712020:1d3d4fa8-c7de-4b15-895f-81520a20fcfb,Yanwen Wang,712020:8b826984-d86c-4a33-a641-251511cda1da,Yanwen Wang,712020:8b826984-d86c-4a33-a641-251511cda1da,10/六月/25 1:29 上午,24/十一月/25 12:30 上午,,20/九月/25 10:07 下午,19/九月/25 12:00 上午,0,,,,Yanwen Wang,,,712020:8b826984-d86c-4a33-a641-251511cda1da,,,,,,,,,,,,,,,,,,,,,,,com.atlassian.servicedesk.plugins.approvals.internal.customfield.ApprovalsCFValue@28b1bd90,,,,,,,,,,,,,,,,,,,,,,,,,,,,,,,,,0|i03388:,,,,,,,,,,,,,,,,,,,,17/九月/25 12:00 上午,,,,,,,,,,,,,,,,,,,,,,,,11679_*:*_1_*:*_8562522294_*|*_11680_*:*_1_*:*_0,,,,,,,,,,,,,,,,,,,,,,,,,,,,,,,,,,,,,,,,,,,,,,,,,,,,,,,,,,,,,,,,,,,,,,,,,36585,DC320-1,硬件设计 Hardware design,完成,20/九月/25 10:07 下午
系统框图设计评审以及修改,DC320-3,36587,子任务,CLOSED已关闭,DC320,AcuDC-320,business,Yanwen Wang,712020:8b826984-d86c-4a33-a641-251511cda1da,,Medium,完成,Feng Yan,712020:1d3d4fa8-c7de-4b15-895f-81520a20fcfb,Yanwen Wang,712020:8b826984-d86c-4a33-a641-251511cda1da,Yanwen Wang,712020:8b826984-d86c-4a33-a641-251511cda1da,10/六月/25 1:29 上午,24/十一月/25 12:30 上午,,23/九月/25 6:28 上午,23/九月/25 12:00 上午,0,,,,Yanwen Wang,,,712020:8b826984-d86c-4a33-a641-251511cda1da,,,,,,,,,,,,,,,,,,,,,,,com.atlassian.servicedesk.plugins.approvals.internal.customfield.ApprovalsCFValue@1c6c4dbf,,,,,,,,,,,,,,,,,,,,,,,,,,,,,,,,,0|i0338n:,,,,,,,,,,,,,,,,,,,,22/九月/25 12:00 上午,,,,,,,,,,,,,,,,,,,,,,,,11679_*:*_1_*:*_9071070176_*|*_11680_*:*_1_*:*_0,,,,,,,,,,,,,,,,,,,,,,,,,,,,,,,,,,,,,,,,,,,,,,,,,,,,,,,,,,,,,,,,,,,,,,,,,36585,DC320-1,硬件设计 Hardware design,完成,23/九月/25 6:28 上午
关键元器件选型,DC320-4,36588,子任务,CLOSED已关闭,DC320,AcuDC-320,business,Yanwen Wang,712020:8b826984-d86c-4a33-a641-251511cda1da,,Medium,完成,Feng Yan,712020:1d3d4fa8-c7de-4b15-895f-81520a20fcfb,Yanwen Wang,712020:8b826984-d86c-4a33-a641-251511cda1da,Yanwen Wang,712020:8b826984-d86c-4a33-a641-251511cda1da,10/六月/25 1:31 上午,24/十一月/25 12:31 上午,,13/十月/25 6:29 上午,13/十月/25 12:00 上午,0,,,,Yanwen Wang,,,712020:8b826984-d86c-4a33-a641-251511cda1da,,,,,,,,,,,,,,,,,,,,,,,com.atlassian.servicedesk.plugins.approvals.internal.customfield.ApprovalsCFValue@180279ac,,,,,,,,,,,,,,,,,,,,,,,,,,,,,,,,,0|i0338v:,,,,,,,,,,,,,,,,,,,,24/九月/25 12:00 上午,,,,,,,,,,,,,,,,,,,,,,,,11679_*:*_1_*:*_10464027925_*|*_11680_*:*_1_*:*_0,,,,,,,,,,,,,,,,,,,,,,,,,,,,,,,,,,,,,,,,,,,,,,,,,,,,,,,,,,,,,,,,,,,,,,,,,36585,DC320-1,硬件设计 Hardware design,完成,13/十月/25 6:29 上午
关键元器件整理,DC320-5,36589,子任务,CLOSED已关闭,DC320,AcuDC-320,business,Yanwen Wang,712020:8b826984-d86c-4a33-a641-251511cda1da,,Medium,完成,Feng Yan,712020:1d3d4fa8-c7de-4b15-895f-81520a20fcfb,Yanwen Wang,712020:8b826984-d86c-4a33-a641-251511cda1da,Yanwen Wang,712020:8b826984-d86c-4a33-a641-251511cda1da,10/六月/25 1:32 上午,24/十一月/25 12:31 上午,,14/十月/25 8:24 下午,13/十月/25 12:00 上午,0,,,,Yanwen Wang,,,712020:8b826984-d86c-4a33-a641-251511cda1da,,,,,,,,,,,,,,,,,,,,,,,com.atlassian.servicedesk.plugins.approvals.internal.customfield.ApprovalsCFValue@7b6f83a5,,,,,,,,,,,,,,,,,,,,,,,,,,,,,,,,,0|i03393:,,,,,,,,,,,,,,,,,,,,25/九月/25 12:00 上午,,,,,,,,,,,,,,,,,,,,,,,,11679_*:*_1_*:*_10463973291_*|*_11680_*:*_1_*:*_0,,,,,,,,,,,,,,,,,,,,,,,,,,,,,,,,,,,,,,,,,,,,,,,,,,,,,,,,,,,,,,,,,,,,,,,,,36585,DC320-1,硬件设计 Hardware design,完成,14/十月/25 8:24 下午
SCH设计,DC320-6,36596,子任务,CLOSED已关闭,DC320,AcuDC-320,business,Yanwen Wang,712020:8b826984-d86c-4a33-a641-251511cda1da,,Medium,完成,Feng Yan,712020:1d3d4fa8-c7de-4b15-895f-81520a20fcfb,Yanwen Wang,712020:8b826984-d86c-4a33-a641-251511cda1da,Yanwen Wang,712020:8b826984-d86c-4a33-a641-251511cda1da,10/六月/25 1:43 上午,24/十一月/25 12:31 上午,,10/十月/25 1:08 上午,09/十月/25 12:00 上午,0,,,,Yanwen Wang,,,712020:8b826984-d86c-4a33-a641-251511cda1da,,,,,,,,,,,,,,,,,,,,,,,com.atlassian.servicedesk.plugins.approvals.internal.customfield.ApprovalsCFValue@1b9987c2,,,,,,,,,,,,,,,,,,,,,,,,,,,,,,,,,0|i03397:,,,,,,,,,,,,,,,,,,,,26/九月/25 12:00 上午,,,,,,,,,,,,,,,,,,,,,,,,11679_*:*_1_*:*_10463317706_*|*_11680_*:*_1_*:*_0,,,,,,,,,,,,,,,,,,,,,,,,,,,,,,,,,,,,,,,,,,,,,,,,,,,,,,,,,,,,,,,,,,,,,,,,,36585,DC320-1,硬件设计 Hardware design,完成,10/十月/25 1:08 上午
SCH Review及后续原理图优化,DC320-7,36597,子任务,CLOSED已关闭,DC320,AcuDC-320,business,Yanwen Wang,712020:8b826984-d86c-4a33-a641-251511cda1da,,Medium,完成,Feng Yan,712020:1d3d4fa8-c7de-4b15-895f-81520a20fcfb,Yanwen Wang,712020:8b826984-d86c-4a33-a641-251511cda1da,Yanwen Wang,712020:8b826984-d86c-4a33-a641-251511cda1da,10/六月/25 1:44 上午,24/十一月/25 12:31 上午,,13/十月/25 6:30 上午,13/十月/25 12:00 上午,0,,,,Yanwen Wang,,,712020:8b826984-d86c-4a33-a641-251511cda1da,,,,,,,,,,,,,,,,,,,,,,,com.atlassian.servicedesk.plugins.approvals.internal.customfield.ApprovalsCFValue@791b0f17,,,,,,,,,,,,,,,,,,,,,,,,,,,,,,,,,0|i033aj:,,,,,,,,,,,,,,,,,,,,10/十月/25 12:00 上午,,,,,,,,,,,,,,,,,,,,,,,,11679_*:*_1_*:*_10538702705_*|*_11680_*:*_1_*:*_0,,,,,,,,,,,,,,,,,,,,,,,,,,,,,,,,,,,,,,,,,,,,,,,,,,,,,,,,,,,,,,,,,,,,,,,,,36585,DC320-1,硬件设计 Hardware design,完成,13/十月/25 6:30 上午
BOM物料清单生成,DC320-8,36598,子任务,CLOSED已关闭,DC320,AcuDC-320,business,Yanwen Wang,712020:8b826984-d86c-4a33-a641-251511cda1da,,Medium,完成,Feng Yan,712020:1d3d4fa8-c7de-4b15-895f-81520a20fcfb,Yanwen Wang,712020:8b826984-d86c-4a33-a641-251511cda1da,Yanwen Wang,712020:8b826984-d86c-4a33-a641-251511cda1da,10/六月/25 1:46 上午,24/十一月/25 12:31 上午,,14/十月/25 8:25 下午,14/十月/25 12:00 上午,0,,,,Yanwen Wang,,,712020:8b826984-d86c-4a33-a641-251511cda1da,,,,,,,,,,,,,,,,,,,,,,,com.atlassian.servicedesk.plugins.approvals.internal.customfield.ApprovalsCFValue@333e138e,,,,,,,,,,,,,,,,,,,,,,,,,,,,,,,,,0|i033an:,,,,,,,,,,,,,,,,,,,,14/十月/25 12:00 上午,,,,,,,,,,,,,,,,,,,,,,,,11679_*:*_1_*:*_10817012231_*|*_11680_*:*_1_*:*_0,,,,,,,,,,,,,,,,,,,,,,,,,,,,,,,,,,,,,,,,,,,,,,,,,,,,,,,,,,,,,,,,,,,,,,,,,36585,DC320-1,硬件设计 Hardware design,完成,14/十月/25 8:25 下午
研发元器件样品采购,DC320-9,36599,子任务,CLOSED已关闭,DC320,AcuDC-320,business,Yanwen Wang,712020:8b826984-d86c-4a33-a641-251511cda1da,,Medium,完成,Feng Yan,712020:1d3d4fa8-c7de-4b15-895f-81520a20fcfb,Yanwen Wang,712020:8b826984-d86c-4a33-a641-251511cda1da,Yanwen Wang,712020:8b826984-d86c-4a33-a641-251511cda1da,10/六月/25 1:47 上午,24/十一月/25 12:31 上午,,26/十月/25 8:35 下午,29/十月/25 12:00 上午,0,,,,Yanwen Wang,,,712020:8b826984-d86c-4a33-a641-251511cda1da,,,,,,,,,,,,,,,,,,,,,,,com.atlassian.servicedesk.plugins.approvals.internal.customfield.ApprovalsCFValue@318df70d,,,,,,,,,,,,,,,,,,,,,,,,,,,,,,,,,0|i033av:,,,,,,,,,,,,,,,,,,,,15/十月/25 12:00 上午,,,,,,,,,,,,,,,,,,,,,,,,11679_*:*_1_*:*_11990883059_*|*_11681_*:*_1_*:*_0,,,,,,,,,,,,,,,,,,,,,,,,,,,,,,,,,,,,,,,,,,,,,,,,,,,,,,,,,,,,,,,,,,,,,,,,,36585,DC320-1,硬件设计 Hardware design,完成,26/十月/25 8:35 下午
PCB Layout,DC320-10,36600,子任务,CLOSED已关闭,DC320,AcuDC-320,business,Yanwen Wang,712020:8b826984-d86c-4a33-a641-251511cda1da,,Medium,完成,Feng Yan,712020:1d3d4fa8-c7de-4b15-895f-81520a20fcfb,Yanwen Wang,712020:8b826984-d86c-4a33-a641-251511cda1da,Yanwen Wang,712020:8b826984-d86c-4a33-a641-251511cda1da,10/六月/25 1:48 上午,24/十一月/25 12:31 上午,,26/十月/25 8:35 下午,23/十月/25 12:00 上午,0,,,,Yanwen Wang,程少立,,712020:8b826984-d86c-4a33-a641-251511cda1da,712020:44c146bf-076a-4f8e-a202-598eca2d3595,,,,,,,,,,,,,,,,,,,,,,com.atlassian.servicedesk.plugins.approvals.internal.customfield.ApprovalsCFValue@2632daac,,,,,,,,,,,,,,,,,,,,,,,,,,,,,,,,,0|i033b3:,,,,,,,,,,,,,,,,,,,,15/十月/25 12:00 上午,,,,,,,,,,,,,,,,,,,,,,,2025-09-15 05:55:34.436,11679_*:*_1_*:*_10953398643_*|*_11680_*:*_1_*:*_0,,,,,,,,,,,,,,,,,,,,,,,,,,,,,,,,,,,,,,,,,,,,,,,,,,,,,,,,,,,,,,,,,,,,15/九月/25 1:55 上午;712020:44c146bf-076a-4f8e-a202-598eca2d3595;前置条件：需要结构输出PCB外框尺寸,,,,,36585,DC320-1,硬件设计 Hardware design,完成,26/十月/25 8:35 下午
PCB Layout Review以及后续修改,DC320-11,36601,子任务,CLOSED已关闭,DC320,AcuDC-320,business,Yanwen Wang,712020:8b826984-d86c-4a33-a641-251511cda1da,,Medium,完成,Feng Yan,712020:1d3d4fa8-c7de-4b15-895f-81520a20fcfb,Yanwen Wang,712020:8b826984-d86c-4a33-a641-251511cda1da,Yanwen Wang,712020:8b826984-d86c-4a33-a641-251511cda1da,10/六月/25 1:49 上午,24/十一月/25 12:31 上午,,26/十月/25 8:35 下午,23/十月/25 12:00 上午,0,,,,Yanwen Wang,,,712020:8b826984-d86c-4a33-a641-251511cda1da,,,,,,,,,,,,,,,,,,,,,,,com.atlassian.servicedesk.plugins.approvals.internal.customfield.ApprovalsCFValue@61a52312,,,,,,,,,,,,,,,,,,,,,,,,,,,,,,,,,0|i033bb:,,,,,,,,,,,,,,,,,,,,22/十月/25 12:00 上午,,,,,,,,,,,,,,,,,,,,,,,,11679_*:*_1_*:*_11990786632_*|*_11681_*:*_1_*:*_0,,,,,,,,,,,,,,,,,,,,,,,,,,,,,,,,,,,,,,,,,,,,,,,,,,,,,,,,,,,,,,,,,,,,,,,,,36585,DC320-1,硬件设计 Hardware design,完成,26/十月/25 8:35 下午
PCB投板,DC320-12,36602,子任务,CLOSED已关闭,DC320,AcuDC-320,business,Yanwen Wang,712020:8b826984-d86c-4a33-a641-251511cda1da,,Medium,完成,Feng Yan,712020:1d3d4fa8-c7de-4b15-895f-81520a20fcfb,Yanwen Wang,712020:8b826984-d86c-4a33-a641-251511cda1da,Yanwen Wang,712020:8b826984-d86c-4a33-a641-251511cda1da,10/六月/25 1:50 上午,24/十一月/25 12:31 上午,,26/十月/25 8:36 下午,24/十月/25 12:00 上午,0,,,,Yanwen Wang,,,712020:8b826984-d86c-4a33-a641-251511cda1da,,,,,,,,,,,,,,,,,,,,,,,com.atlassian.servicedesk.plugins.approvals.internal.customfield.ApprovalsCFValue@155d2a1f,,,,,,,,,,,,,,,,,,,,,,,,,,,,,,,,,0|i033bj:,,,,,,,,,,,,,,,,,,,,24/十月/25 12:00 上午,,,,,,,,,,,,,,,,,,,,,,,,11679_*:*_1_*:*_11990744056_*|*_11681_*:*_1_*:*_0,,,,,,,,,,,,,,,,,,,,,,,,,,,,,,,,,,,,,,,,,,,,,,,,,,,,,,,,,,,,,,,,,,,,,,,,,36585,DC320-1,硬件设计 Hardware design,完成,26/十月/25 8:36 下午
PCB制板,DC320-13,36603,子任务,CLOSED已关闭,DC320,AcuDC-320,business,Yanwen Wang,712020:8b826984-d86c-4a33-a641-251511cda1da,,Medium,完成,Feng Yan,712020:1d3d4fa8-c7de-4b15-895f-81520a20fcfb,Yanwen Wang,712020:8b826984-d86c-4a33-a641-251511cda1da,Yanwen Wang,712020:8b826984-d86c-4a33-a641-251511cda1da,10/六月/25 1:50 上午,24/十一月/25 12:31 上午,,13/十一月/25 7:54 下午,31/十月/25 12:00 上午,0,,,,Yanwen Wang,,,712020:8b826984-d86c-4a33-a641-251511cda1da,,,;03/十一月/25 2:18 上午;8222f3ba-8a61-43d6-8c04-0878918862a4;86400,,,0,86400,,,0,86400,,,,,,,,,,,,com.atlassian.servicedesk.plugins.approvals.internal.customfield.ApprovalsCFValue@48fe7463,,,,,,,,,,,,,,,,,,,,,,,,,,,,,,,,,0|i033br:,,,,,,,,,,,,,,,,,,,,27/十月/25 12:00 上午,,,,,,,,,,,,,,,,,,,,,,,,11679_*:*_1_*:*_11990744219_*|*_11680_*:*_1_*:*_0,,,,,,,,,,,,,,,,,,,,,,,,,,,,,,,,,,,,,,,,,,,,,,,,,,,,,,,,,,,,,,,,,,,,03/十一月/25 2:18 上午;712020:8b826984-d86c-4a33-a641-251511cda1da;因为采购dealy，导致PCB无法按期回板。,,,,,36585,DC320-1,硬件设计 Hardware design,完成,13/十一月/25 7:54 下午
PCBA生产,DC320-14,36604,子任务,CLOSED已关闭,DC320,AcuDC-320,business,Yanwen Wang,712020:8b826984-d86c-4a33-a641-251511cda1da,,Medium,完成,Feng Yan,712020:1d3d4fa8-c7de-4b15-895f-81520a20fcfb,Yanwen Wang,712020:8b826984-d86c-4a33-a641-251511cda1da,Yanwen Wang,712020:8b826984-d86c-4a33-a641-251511cda1da,10/六月/25 1:55 上午,24/十一月/25 12:31 上午,,13/十一月/25 7:53 下午,05/十一月/25 12:00 上午,0,,,,Yanwen Wang,,,712020:8b826984-d86c-4a33-a641-251511cda1da,,,,,,,,,,,,,,,,,,,,,,,com.atlassian.servicedesk.plugins.approvals.internal.customfield.ApprovalsCFValue@17401a45,,,,,,,,,,,,,,,,,,,,,,,,,,,,,,,,,0|i033bz:,,,,,,,,,,,,,,,,,,,,03/十一月/25 12:00 上午,,,,,,,,,,,,,,,,,,,,,,,,11679_*:*_2_*:*_12858081222,,,,,,,,,,,,,,,,,,,,,,,,,,,,,,,,,,,,,,,,,,,,,,,,,,,,,,,,,,,,,,,,,,,,,,,,,36585,DC320-1,硬件设计 Hardware design,完成,13/十一月/25 7:54 下午
初版样机调试,DC320-15,36605,子任务,CLOSED已关闭,DC320,AcuDC-320,business,Yanwen Wang,712020:8b826984-d86c-4a33-a641-251511cda1da,,Medium,完成,Feng Yan,712020:1d3d4fa8-c7de-4b15-895f-81520a20fcfb,Yanwen Wang,712020:8b826984-d86c-4a33-a641-251511cda1da,Yanwen Wang,712020:8b826984-d86c-4a33-a641-251511cda1da,10/六月/25 1:55 上午,24/十一月/25 12:31 上午,,19/十一月/25 4:40 上午,10/十一月/25 12:00 上午,0,,,,Yan Li,Yanwen Wang,,712020:9b0c3ba0-c41e-41b1-8cdb-da7c2fe260df,712020:8b826984-d86c-4a33-a641-251511cda1da,,,,,,,,,,,,,,,,,,,,,,com.atlassian.servicedesk.plugins.approvals.internal.customfield.ApprovalsCFValue@7d43cbae,,,,,,,,,,,,,,,,,,,,,,,,,,,,,,,,,0|i033c7:,,,,,,,,,,,,,,,,,,,,06/十一月/25 12:00 上午,,,,,,,,,,,,,,,,,,,,,,,2025-11-19 09:40:34.356,11679_*:*_1_*:*_13546701081_*|*_11680_*:*_1_*:*_0,,,,,,,,,,,,,,,,,,,,,,,,,,,,,,,,,,,,,,,,,,,,,,,,,,,,,,,,,,,,,,,,,,,,19/十一月/25 4:40 上午;712020:9b0c3ba0-c41e-41b1-8cdb-da7c2fe260df;1、目前已完成上电测试与程序烧录无异常,,,,,36585,DC320-1,硬件设计 Hardware design,完成,19/十一月/25 4:40 上午
初版样机系统联测,DC320-16,36606,子任务,IN PROGRESS正在进行,DC320,AcuDC-320,business,Yanwen Wang,712020:8b826984-d86c-4a33-a641-251511cda1da,,Medium,,Feng Yan,712020:1d3d4fa8-c7de-4b15-895f-81520a20fcfb,Yanwen Wang,712020:8b826984-d86c-4a33-a641-251511cda1da,Yanwen Wang,712020:8b826984-d86c-4a33-a641-251511cda1da,10/六月/25 1:56 上午,24/十一月/25 5:17 上午,,,02/十二月/25 12:00 上午,0,,,,Feng Yan,Yanwen Wang,,712020:1d3d4fa8-c7de-4b15-895f-81520a20fcfb,712020:8b826984-d86c-4a33-a641-251511cda1da,,,,,,,,,,,,,,,,,,,,,,com.atlassian.servicedesk.plugins.approvals.internal.customfield.ApprovalsCFValue@1373e335,,,,,,,,,,,,,,,,,,,,,,,,,,,,,,,,,0|i033cf:,,,,,,,,,,,,,,,,,,,,11/十一月/25 12:00 上午,,,,,,,,,,,,,,,,,,,,,,,2025-11-24 10:15:39.707,,,,,,,,,,,,,,,,,,,,,,,,,,,,,,,,,,,,,,,,,,,,,,,,,,,,,,,,,,,,,,,,,,,,,24/十一月/25 5:15 上午;712020:1d3d4fa8-c7de-4b15-895f-81520a20fcfb;11.27日软件才能提供可测试版本,,,,,36585,DC320-1,硬件设计 Hardware design,正在进行,13/十一月/25 7:54 下午
结构设计 Structural design,DC320-17,36607,任务,IN PROGRESS正在进行,DC320,AcuDC-320,business,Yanwen Wang,712020:8b826984-d86c-4a33-a641-251511cda1da,,Medium,,Gift Wang,6319068fea661fd37d508095,Yanwen Wang,712020:8b826984-d86c-4a33-a641-251511cda1da,Yanwen Wang,712020:8b826984-d86c-4a33-a641-251511cda1da,10/六月/25 1:56 上午,21/十月/25 6:05 上午,,,25/二月/26 12:00 上午,0,,,,Yanwen Wang,,,712020:8b826984-d86c-4a33-a641-251511cda1da,,,,,,,,,,,,,,,,,,,,,,,com.atlassian.servicedesk.plugins.approvals.internal.customfield.ApprovalsCFValue@5822bd6a,,,,,,,,,,,,,,,,,,,,,,,,,,,,,,,,,0|i033cn:,,,,,,,,,,,,,,,,,,,,15/九月/25 12:00 上午,,,,,,,,,,,,,,,,,,,,,,,,,,,,,,,,,,,,,,,,,,,,,,,,,,,,,,,,,,,,,,,,,,,,,,,,,,,,,,,,,,,,,,,,,,,,,,,,,,,,正在进行,15/九月/25 2:24 上午
PTB认证,DC320-70,41162,任务,CREATED已创建,DC320,AcuDC-320,business,Yanwen Wang,712020:8b826984-d86c-4a33-a641-251511cda1da,,Medium,,,,Yanwen Wang,712020:8b826984-d86c-4a33-a641-251511cda1da,Yanwen Wang,712020:8b826984-d86c-4a33-a641-251511cda1da,15/九月/25 9:53 下午,15/九月/25 9:53 下午,,,30/一月/26 12:00 上午,0,,,,Yanwen Wang,,,712020:8b826984-d86c-4a33-a641-251511cda1da,,,,,,,,,,,,,,,,,,,,,,,com.atlassian.servicedesk.plugins.approvals.internal.customfield.ApprovalsCFValue@366fea9d,,,,,,,,,,,,,,,,,,,,,,,,,,,,,,,,,0|i033li:y,,,,,,,,,,,,,,,,,,,,08/十二月/25 12:00 上午,,,,,,,,,,,,,,,,,,,,,,,,,,,,,,,,,,,,,,,,,,,,,,,,,,,,,,,,,,,,,,,,,,,,,,,,,,,,,,,,,,,,,,,,,,,,,,,,,36615,DC320-19,认证 Certification,待办,15/九月/25 9:53 下午
UL认证,DC320-20,36653,任务,CREATED已创建,DC320,AcuDC-320,business,Yanwen Wang,712020:8b826984-d86c-4a33-a641-251511cda1da,,Medium,,,,Yanwen Wang,712020:8b826984-d86c-4a33-a641-251511cda1da,Yanwen Wang,712020:8b826984-d86c-4a33-a641-251511cda1da,10/六月/25 2:19 上午,15/九月/25 5:10 上午,,,30/一月/26 12:00 上午,0,,,,Yanwen Wang,,,712020:8b826984-d86c-4a33-a641-251511cda1da,,,,,,,,,,,,,,,,,,,,,,,com.atlassian.servicedesk.plugins.approvals.internal.customfield.ApprovalsCFValue@3765271,,,,,,,,,,,,,,,,,,,,,,,,,,,,,,,,,0|i033lj:,,,,,,,,,,,,,,,,,,,,08/十二月/25 12:00 上午,,,,,,,,,,,,,,,,,,,,,,,,,,,,,,,,,,,,,,,,,,,,,,,,,,,,,,,,,,,,,,,,,,,,,,,,,,,,,,,,,,,,,,,,,,,,,,,,,36615,DC320-19,认证 Certification,待办,10/六月/25 2:19 上午
MID认证,DC320-21,36666,任务,CREATED已创建,DC320,AcuDC-320,business,Yanwen Wang,712020:8b826984-d86c-4a33-a641-251511cda1da,,Medium,,,,Yanwen Wang,712020:8b826984-d86c-4a33-a641-251511cda1da,Yanwen Wang,712020:8b826984-d86c-4a33-a641-251511cda1da,10/六月/25 2:20 上午,15/九月/25 9:54 下午,,,10/四月/26 12:00 上午,0,,,,Yanwen Wang,,,712020:8b826984-d86c-4a33-a641-251511cda1da,,,,,,,,,,,,,,,,,,,,,,,com.atlassian.servicedesk.plugins.approvals.internal.customfield.ApprovalsCFValue@54c252cb,,,,,,,,,,,,,,,,,,,,,,,,,,,,,,,,,0|i033mn:,,,,,,,,,,,,,,,,,,,,14/十一月/25 12:00 上午,,,,,,,,,,,,,,,,,,,,,,,,,,,,,,,,,,,,,,,,,,,,,,,,,,,,,,,,,,,,,,,,,,,,,,,,,,,,,,,,,,,,,,,,,,,,,,,,,36615,DC320-19,认证 Certification,待办,10/六月/25 2:20 上午
基于MID要求打板、调试,DC320-22,36673,子任务,CREATED已创建,DC320,AcuDC-320,business,Yanwen Wang,712020:8b826984-d86c-4a33-a641-251511cda1da,,Medium,,,,Yanwen Wang,712020:8b826984-d86c-4a33-a641-251511cda1da,Yanwen Wang,712020:8b826984-d86c-4a33-a641-251511cda1da,10/六月/25 2:21 上午,15/九月/25 5:12 上午,,,08/十二月/25 12:00 上午,0,,,,Yanwen Wang,,,712020:8b826984-d86c-4a33-a641-251511cda1da,,,,,,,,,,,,,,,,,,,,,,,com.atlassian.servicedesk.plugins.approvals.internal.customfield.ApprovalsCFValue@6fcd7890,,,,,,,,,,,,,,,,,,,,,,,,,,,,,,,,,0|i033nj:,,,,,,,,,,,,,,,,,,,,14/十一月/25 12:00 上午,,,,,,,,,,,,,,,,,,,,,,,,,,,,,,,,,,,,,,,,,,,,,,,,,,,,,,,,,,,,,,,,,,,,,,,,,,,,,,,,,,,,,,,,,,,,,,,,,36666,DC320-21,MID认证,待办,10/六月/25 2:21 上午
MID认证,DC320-23,36675,子任务,CREATED已创建,DC320,AcuDC-320,business,Yanwen Wang,712020:8b826984-d86c-4a33-a641-251511cda1da,,Medium,,,,Yanwen Wang,712020:8b826984-d86c-4a33-a641-251511cda1da,Yanwen Wang,712020:8b826984-d86c-4a33-a641-251511cda1da,10/六月/25 2:22 上午,15/九月/25 9:54 下午,,,10/四月/26 12:00 上午,0,,,,Yanwen Wang,,,712020:8b826984-d86c-4a33-a641-251511cda1da,,,,,,,,,,,,,,,,,,,,,,,com.atlassian.servicedesk.plugins.approvals.internal.customfield.ApprovalsCFValue@360b97f8,,,,,,,,,,,,,,,,,,,,,,,,,,,,,,,,,0|i033nr:,,,,,,,,,,,,,,,,,,,,15/十二月/25 12:00 上午,,,,,,,,,,,,,,,,,,,,,,,,,,,,,,,,,,,,,,,,,,,,,,,,,,,,,,,,,,,,,,,,,,,,,,,,,,,,,,,,,,,,,,,,,,,,,,,,,36666,DC320-21,MID认证,待办,10/六月/25 2:22 上午
MCU,DC320-24,36676,任务,CLOSED已关闭,DC320,AcuDC-320,business,Yanwen Wang,712020:8b826984-d86c-4a33-a641-251511cda1da,,Medium,完成,Shaoying Wang,712020:90f11bd4-565d-4a3c-bcc8-d5abf81c5814,Yanwen Wang,712020:8b826984-d86c-4a33-a641-251511cda1da,Yanwen Wang,712020:8b826984-d86c-4a33-a641-251511cda1da,10/六月/25 2:28 上午,22/十二月/25 9:32 下午,,22/十二月/25 9:32 下午,23/十二月/25 12:00 上午,0,,,,Yanwen Wang,Yue Yang,,712020:8b826984-d86c-4a33-a641-251511cda1da,712020:957b55c4-f617-4ca2-8ece-9b50291ed7d7,,,,,,,,,,,,,,,,,,,,,,com.atlassian.servicedesk.plugins.approvals.internal.customfield.ApprovalsCFValue@3a6db1cb,,,,,,,,,,,,,,,,,,,,,,,,,,,,,,,,,0|i033nz:,,,,,,,,,,,,,,,,,,,,03/十一月/25 12:00 上午,,,,,,,,,,,,,,,,,,,,,,,2025-09-12 10:01:34.667,11679_*:*_1_*:*_16920234987_*|*_11681_*:*_1_*:*_0,,,,,,,,,,,,,,,,,,,,,,,,,,,,,,,,,,,,,,,,,,,,,,,,,,,,,,,,,,,,,,,,,,,,12/九月/25 6:01 上午;712020:957b55c4-f617-4ca2-8ece-9b50291ed7d7;270项目计划计划由王少英负责，需要等DC300和DC260项目结项后投入开发，开始时间受DC300和DC260结束时间影响，目前无法确定。,14/九月/25 11:20 下午;712020:8b826984-d86c-4a33-a641-251511cda1da;[~accountid:712020:90f11bd4-565d-4a3c-bcc8-d5abf81c5814]  基于沟通，请按目前工作包更新项目进度时间。谢谢,,,,,,,完成,22/十二月/25 9:32 下午
建立软件项目并移植 DC300 软件代码,DC320-25,36677,子任务,CLOSED已关闭,DC320,AcuDC-320,business,Yanwen Wang,712020:8b826984-d86c-4a33-a641-251511cda1da,,Medium,完成,Shaoying Wang,712020:90f11bd4-565d-4a3c-bcc8-d5abf81c5814,Yanwen Wang,712020:8b826984-d86c-4a33-a641-251511cda1da,Yanwen Wang,712020:8b826984-d86c-4a33-a641-251511cda1da,10/六月/25 2:29 上午,03/十一月/25 1:29 上午,,03/十一月/25 1:29 上午,14/十一月/25 12:00 上午,0,,,,Yanwen Wang,,,712020:8b826984-d86c-4a33-a641-251511cda1da,,,,,,,,,,,,,,,,,,,,,,,com.atlassian.servicedesk.plugins.approvals.internal.customfield.ApprovalsCFValue@77e99bb1,,,,,,,,,,,,,,,,,,,,,,,,,,,,,,,,,0|i033o1:,,,,,,,,,,,,,,,,,,,,03/十一月/25 12:00 上午,,,,,,,,,,,,,,,,,,,,,,,,11679_*:*_1_*:*_12614409371_*|*_11681_*:*_1_*:*_0,,,,,,,,,,,,,,,,,,,,,,,,,,,,,,,,,,,,,,,,,,,,,,,,,,,,,,,,,,,,,,,,,,,,,,,,,36676,DC320-24,MCU,完成,03/十一月/25 1:29 上午
Remote Display BOOT/APP开发，FCT开发,DC320-71,41163,子任务,CLOSED已关闭,DC320,AcuDC-320,business,Yanwen Wang,712020:8b826984-d86c-4a33-a641-251511cda1da,,Medium,完成,Shaoying Wang,712020:90f11bd4-565d-4a3c-bcc8-d5abf81c5814,Shaoying Wang,712020:90f11bd4-565d-4a3c-bcc8-d5abf81c5814,Shaoying Wang,712020:90f11bd4-565d-4a3c-bcc8-d5abf81c5814,15/九月/25 11:27 下午,12/十一月/25 8:04 下午,,12/十一月/25 8:04 下午,14/十一月/25 12:00 上午,0,,,,Shaoying Wang,,,712020:90f11bd4-565d-4a3c-bcc8-d5abf81c5814,,,,,,,,,,,,,,,,,,,,,,,com.atlassian.servicedesk.plugins.approvals.internal.customfield.ApprovalsCFValue@3629c1e2,,,,,,,,,,,,,,,,,,,,,,,,,,,,,,,,,0|i033o3:,,,,,,,,,,,,,,,,,,,,03/十一月/25 12:00 上午,,,,,,,,,,,,,,,,,,,,,,,,11679_*:*_1_*:*_4161249690_*|*_11680_*:*_1_*:*_0,,,,,,,,,,,,,,,,,,,,,,,,,,,,,,,,,,,,,,,,,,,,,,,,,,,,,,,,,,,,,,,,,,,,,,,,,36676,DC320-24,MCU,完成,12/十一月/25 8:04 下午
Echilog功能开发自测,DC320-26,36678,子任务,CLOSED已关闭,DC320,AcuDC-320,business,Yanwen Wang,712020:8b826984-d86c-4a33-a641-251511cda1da,,Medium,完成,Peigong Wang,712020:70605205-f69c-4bea-8d5c-594fd3cbe04e,Yanwen Wang,712020:8b826984-d86c-4a33-a641-251511cda1da,Yanwen Wang,712020:8b826984-d86c-4a33-a641-251511cda1da,10/六月/25 2:29 上午,07/十二月/25 7:55 下午,,07/十二月/25 7:55 下午,05/十二月/25 12:00 上午,0,,,,Shaoying Wang,Yanwen Wang,Yue Yang,712020:90f11bd4-565d-4a3c-bcc8-d5abf81c5814,712020:8b826984-d86c-4a33-a641-251511cda1da,712020:957b55c4-f617-4ca2-8ece-9b50291ed7d7,,,,,,,,,,,,,,,,,,,,,com.atlassian.servicedesk.plugins.approvals.internal.customfield.ApprovalsCFValue@15e98edf,,,,,,,,,,,,,,,,,,,,,,,,,,,,,,,,,0|i033of:,,,,,,,,,,,,,,,,,,,,01/十二月/25 12:00 上午,,,,,,,,,,,,,,,,,,,,,,,2025-09-15 10:07:11.239,11679_*:*_1_*:*_15618359068_*|*_11681_*:*_1_*:*_0,,,,,,,,,,,,,,,,,,,,,,,,,,,,,,,,,,,,,,,,,,,,,,,,,,,,,,,,,,,,,,,,,,,,15/九月/25 6:07 上午;712020:957b55c4-f617-4ca2-8ece-9b50291ed7d7;参考DC300项目的方案，标定、调试是否需要一周时间？,15/九月/25 8:21 下午;712020:90f11bd4-565d-4a3c-bcc8-d5abf81c5814;[~accountid:712020:957b55c4-f617-4ca2-8ece-9b50291ed7d7] 实际时间估计会缩短。 这个是最长估计时间。,,,,36676,DC320-24,MCU,完成,07/十二月/25 7:55 下午
Board Test（FCT)） 程序完成,DC320-27,36679,子任务,CLOSED已关闭,DC320,AcuDC-320,business,Yanwen Wang,712020:8b826984-d86c-4a33-a641-251511cda1da,,Medium,完成,Shaoying Wang,712020:90f11bd4-565d-4a3c-bcc8-d5abf81c5814,Yanwen Wang,712020:8b826984-d86c-4a33-a641-251511cda1da,Yanwen Wang,712020:8b826984-d86c-4a33-a641-251511cda1da,10/六月/25 2:29 上午,27/十一月/25 2:54 上午,,20/十一月/25 3:43 上午,24/十一月/25 12:00 上午,0,,,,Shaoying Wang,Yanwen Wang,,712020:90f11bd4-565d-4a3c-bcc8-d5abf81c5814,712020:8b826984-d86c-4a33-a641-251511cda1da,,,,,,,,,,,,,,,,,,,,,,com.atlassian.servicedesk.plugins.approvals.internal.customfield.ApprovalsCFValue@4b29ed58,,,,,,,,,,,,,,,,,,,,,,,,,,,,,,,,,0|i033on:,,,,,,,,,,,,,,,,,,,,17/十一月/25 12:00 上午,,,,,,,,,,,,,,,,,,,,,,,2025-11-13 08:29:06.904,11679_*:*_1_*:*_13478753083_*|*_11681_*:*_1_*:*_6743369_*|*_11680_*:*_1_*:*_0,,,,,,,,,,,,,,,,,,,,,,,,,,,,,,,,,,,,,,,,,,,,,,,,,,,,,,,,,,,,,,,,,,,,13/十一月/25 3:29 上午;712020:90f11bd4-565d-4a3c-bcc8-d5abf81c5814;硬件回板延迟，17号才能回来。 BoardTest 开始时间同步延迟到 17号，完成时间顺延1周。,,,,,36676,DC320-24,MCU,完成,20/十一月/25 3:43 上午
Board Test 调试 并 发布第一个测试版本 Beta 1,DC320-28,36680,子任务,CLOSED已关闭,DC320,AcuDC-320,business,Yanwen Wang,712020:8b826984-d86c-4a33-a641-251511cda1da,,Medium,完成,Shaoying Wang,712020:90f11bd4-565d-4a3c-bcc8-d5abf81c5814,Yanwen Wang,712020:8b826984-d86c-4a33-a641-251511cda1da,Yanwen Wang,712020:8b826984-d86c-4a33-a641-251511cda1da,10/六月/25 2:29 上午,01/十二月/25 1:27 上午,,01/十二月/25 1:27 上午,01/十二月/25 12:00 上午,0,,,,Shaoying Wang,Yanwen Wang,Yue Yang,712020:90f11bd4-565d-4a3c-bcc8-d5abf81c5814,712020:8b826984-d86c-4a33-a641-251511cda1da,712020:957b55c4-f617-4ca2-8ece-9b50291ed7d7,,,,,,,,,,,,,,,,,,,,,com.atlassian.servicedesk.plugins.approvals.internal.customfield.ApprovalsCFValue@6d3a966,,,,,,,,,,,,,,,,,,,,,,,,,,,,,,,,,0|i033ov:,,,,,,,,,,,,,,,,,,,,17/十一月/25 12:00 上午,,,,,,,,,,,,,,,,,,,,,,,2025-09-17 00:46:44.231,11679_*:*_1_*:*_15033425798_*|*_11681_*:*_1_*:*_0,,,,,,,,,,,,,,,,,,,,,,,,,,,,,,,,,,,,,,,,,,,,,,,,,,,,,,,,,,,,,,,,,,,,16/九月/25 8:46 下午;712020:957b55c4-f617-4ca2-8ece-9b50291ed7d7;boardtest+新板子全功能调试一周时间可能完不成，延长到12月12日。,16/九月/25 9:17 下午;712020:957b55c4-f617-4ca2-8ece-9b50291ed7d7;拿到可以使用的、可以调试的硬件板子调试两周，发布第一个测试版本。,13/十一月/25 3:31 上午;712020:90f11bd4-565d-4a3c-bcc8-d5abf81c5814;硬件回板计划在 17号，拿到可以调试的板子后 压缩下时间，一周内调试完成，计划24号发布第一个测试版本。,,,36676,DC320-24,MCU,完成,01/十二月/25 1:27 上午
修复 Beta 1 测试发现的问题,DC320-29,36681,子任务,CLOSED已关闭,DC320,AcuDC-320,business,Yanwen Wang,712020:8b826984-d86c-4a33-a641-251511cda1da,,Medium,完成,Shaoying Wang,712020:90f11bd4-565d-4a3c-bcc8-d5abf81c5814,Yanwen Wang,712020:8b826984-d86c-4a33-a641-251511cda1da,Yanwen Wang,712020:8b826984-d86c-4a33-a641-251511cda1da,10/六月/25 2:30 上午,15/十二月/25 7:35 下午,,15/十二月/25 7:35 下午,17/十二月/25 12:00 上午,0,,,,Shaoying Wang,Yanwen Wang,Yue Yang,712020:90f11bd4-565d-4a3c-bcc8-d5abf81c5814,712020:8b826984-d86c-4a33-a641-251511cda1da,712020:957b55c4-f617-4ca2-8ece-9b50291ed7d7,,,,,,,,,,,,,,,,,,,,,com.atlassian.servicedesk.plugins.approvals.internal.customfield.ApprovalsCFValue@2a8d349f,,,,,,,,,,,,,,,,,,,,,,,,,,,,,,,,,0|i033p3:,,,,,,,,,,,,,,,,,,,,25/十一月/25 12:00 上午,,,,,,,,,,,,,,,,,,,,,,,2025-09-15 10:08:12.131,11679_*:*_1_*:*_16308303447_*|*_11681_*:*_1_*:*_0,,,,,,,,,,,,,,,,,,,,,,,,,,,,,,,,,,,,,,,,,,,,,,,,,,,,,,,,,,,,,,,,,,,,15/九月/25 6:08 上午;712020:957b55c4-f617-4ca2-8ece-9b50291ed7d7;所有功能都有现成的方案，解决问题单是否可以缩短一点？,15/九月/25 8:22 下午;712020:90f11bd4-565d-4a3c-bcc8-d5abf81c5814;[~accountid:712020:957b55c4-f617-4ca2-8ece-9b50291ed7d7] 方案是有参考的，不过还有可能出现新问题。例如 HMI 使用网口通信，这个可能会有一些问题出现。,16/九月/25 8:58 下午;712020:957b55c4-f617-4ca2-8ece-9b50291ed7d7;测试版本发布后同步修改测试过程中发现的问题，start date和版本测试的起始时间一致，结束时间暂定12月22日，一般版本测试结束后3-4天发布第二个版本。,13/十一月/25 4:22 上午;712020:90f11bd4-565d-4a3c-bcc8-d5abf81c5814;硬件回板到17号，时间往后顺延。,,36676,DC320-24,MCU,完成,15/十二月/25 7:35 下午
发布第二个测试版本 Beta 2,DC320-30,36682,子任务,CLOSED已关闭,DC320,AcuDC-320,business,Yanwen Wang,712020:8b826984-d86c-4a33-a641-251511cda1da,,Medium,完成,Shaoying Wang,712020:90f11bd4-565d-4a3c-bcc8-d5abf81c5814,Yanwen Wang,712020:8b826984-d86c-4a33-a641-251511cda1da,Yanwen Wang,712020:8b826984-d86c-4a33-a641-251511cda1da,10/六月/25 2:30 上午,16/十二月/25 9:11 下午,,16/十二月/25 9:11 下午,19/十二月/25 12:00 上午,0,,,,Shaoying Wang,Yanwen Wang,,712020:90f11bd4-565d-4a3c-bcc8-d5abf81c5814,712020:8b826984-d86c-4a33-a641-251511cda1da,,,,,,,,,,,,,,,,,,,,,,com.atlassian.servicedesk.plugins.approvals.internal.customfield.ApprovalsCFValue@3326e5dc,,,,,,,,,,,,,,,,,,,,,,,,,,,,,,,,,0|i033pb:,,,,,,,,,,,,,,,,,,,,04/十二月/25 12:00 上午,,,,,,,,,,,,,,,,,,,,,,,2025-11-13 09:23:17.279,11679_*:*_2_*:*_15703350849_*|*_11681_*:*_1_*:*_733654,,,,,,,,,,,,,,,,,,,,,,,,,,,,,,,,,,,,,,,,,,,,,,,,,,,,,,,,,,,,,,,,,,,,13/十一月/25 4:23 上午;712020:90f11bd4-565d-4a3c-bcc8-d5abf81c5814;硬件回板到17号，时间往后顺延。,,,,,36676,DC320-24,MCU,完成,16/十二月/25 9:11 下午
修复 Beta 2 测试发现的问题,DC320-31,36683,子任务,CLOSED已关闭,DC320,AcuDC-320,business,Yanwen Wang,712020:8b826984-d86c-4a33-a641-251511cda1da,,Medium,完成,Shaoying Wang,712020:90f11bd4-565d-4a3c-bcc8-d5abf81c5814,Yanwen Wang,712020:8b826984-d86c-4a33-a641-251511cda1da,Yanwen Wang,712020:8b826984-d86c-4a33-a641-251511cda1da,10/六月/25 2:30 上午,16/十二月/25 9:11 下午,,16/十二月/25 9:11 下午,26/十二月/25 12:00 上午,0,,,,Shaoying Wang,Yanwen Wang,Yue Yang,712020:90f11bd4-565d-4a3c-bcc8-d5abf81c5814,712020:8b826984-d86c-4a33-a641-251511cda1da,712020:957b55c4-f617-4ca2-8ece-9b50291ed7d7,,,,,,,,,,,,,,,,,,,,,com.atlassian.servicedesk.plugins.approvals.internal.customfield.ApprovalsCFValue@58415511,,,,,,,,,,,,,,,,,,,,,,,,,,,,,,,,,0|i033pj:,,,,,,,,,,,,,,,,,,,,09/十二月/25 12:00 上午,,,,,,,,,,,,,,,,,,,,,,,2025-09-15 10:09:14.816,11679_*:*_1_*:*_16400488212_*|*_11681_*:*_1_*:*_0,,,,,,,,,,,,,,,,,,,,,,,,,,,,,,,,,,,,,,,,,,,,,,,,,,,,,,,,,,,,,,,,,,,,15/九月/25 6:09 上午;712020:957b55c4-f617-4ca2-8ece-9b50291ed7d7;修复Beta 2版本问题的时间能否压缩？,15/九月/25 8:23 下午;712020:90f11bd4-565d-4a3c-bcc8-d5abf81c5814;[~accountid:712020:957b55c4-f617-4ca2-8ece-9b50291ed7d7] 无法预知会有多少Bug出现，可能不能压缩。,16/九月/25 9:16 下午;712020:957b55c4-f617-4ca2-8ece-9b50291ed7d7;根据测试时间倒推的时间。,13/十一月/25 4:23 上午;712020:90f11bd4-565d-4a3c-bcc8-d5abf81c5814;硬件回板到17号，时间往后顺延。,,36676,DC320-24,MCU,完成,16/十二月/25 9:11 下午
发布可以进行认证的版本Beta 3 ,DC320-72,41227,子任务,CLOSED已关闭,DC320,AcuDC-320,business,Yanwen Wang,712020:8b826984-d86c-4a33-a641-251511cda1da,,Medium,完成,Shaoying Wang,712020:90f11bd4-565d-4a3c-bcc8-d5abf81c5814,Yue Yang,712020:957b55c4-f617-4ca2-8ece-9b50291ed7d7,Yue Yang,712020:957b55c4-f617-4ca2-8ece-9b50291ed7d7,17/九月/25 2:36 上午,16/十二月/25 9:13 下午,,16/十二月/25 9:11 下午,16/十二月/25 12:00 上午,0,,,,Shaoying Wang,Yue Yang,,712020:90f11bd4-565d-4a3c-bcc8-d5abf81c5814,712020:957b55c4-f617-4ca2-8ece-9b50291ed7d7,,,,,,,,,,,,,,,,,,,,,,com.atlassian.servicedesk.plugins.approvals.internal.customfield.ApprovalsCFValue@6936b199,,,,,,,,,,,,,,,,,,,,,,,,,,,,,,,,,0|i033pv:,,,,,,,,,,,,,,,,,,,,16/十二月/25 12:00 上午,,,,,,,,,,,,,,,,,,,,,,,2025-11-13 09:30:49.435,11679_*:*_1_*:*_7846481971_*|*_11681_*:*_1_*:*_0,,,,,,,,,,,,,,,,,,,,,,,,,,,,,,,,,,,,,,,,,,,,,,,,,,,,,,,,,,,,,,,,,,,,13/十一月/25 4:30 上午;712020:90f11bd4-565d-4a3c-bcc8-d5abf81c5814;硬件回板到17号，时间往后顺延。,,,,,36676,DC320-24,MCU,完成,16/十二月/25 9:11 下午
修复 Beta 3 测试发现的问题,DC320-73,41229,子任务,CLOSED已关闭,DC320,AcuDC-320,business,Yanwen Wang,712020:8b826984-d86c-4a33-a641-251511cda1da,,Medium,完成,Shaoying Wang,712020:90f11bd4-565d-4a3c-bcc8-d5abf81c5814,Yue Yang,712020:957b55c4-f617-4ca2-8ece-9b50291ed7d7,Yue Yang,712020:957b55c4-f617-4ca2-8ece-9b50291ed7d7,17/九月/25 2:38 上午,16/十二月/25 9:12 下午,,16/十二月/25 9:12 下午,24/十二月/25 12:00 上午,0,,,,Shaoying Wang,Yue Yang,,712020:90f11bd4-565d-4a3c-bcc8-d5abf81c5814,712020:957b55c4-f617-4ca2-8ece-9b50291ed7d7,,,,,,,,,,,,,,,,,,,,,,com.atlassian.servicedesk.plugins.approvals.internal.customfield.ApprovalsCFValue@1ac6d3d2,,,,,,,,,,,,,,,,,,,,,,,,,,,,,,,,,0|i033pw:,,,,,,,,,,,,,,,,,,,,17/十二月/25 12:00 上午,,,,,,,,,,,,,,,,,,,,,,,2025-11-13 09:31:01.095,11679_*:*_1_*:*_7846415234_*|*_11681_*:*_1_*:*_0,,,,,,,,,,,,,,,,,,,,,,,,,,,,,,,,,,,,,,,,,,,,,,,,,,,,,,,,,,,,,,,,,,,,13/十一月/25 4:31 上午;712020:90f11bd4-565d-4a3c-bcc8-d5abf81c5814;硬件回板到17号，时间往后顺延。,,,,,36676,DC320-24,MCU,完成,16/十二月/25 9:12 下午
发布第四个测试版本 Beta 4,DC320-74,41230,子任务,CLOSED已关闭,DC320,AcuDC-320,business,Yanwen Wang,712020:8b826984-d86c-4a33-a641-251511cda1da,,Medium,完成,Shaoying Wang,712020:90f11bd4-565d-4a3c-bcc8-d5abf81c5814,Yue Yang,712020:957b55c4-f617-4ca2-8ece-9b50291ed7d7,Yue Yang,712020:957b55c4-f617-4ca2-8ece-9b50291ed7d7,17/九月/25 2:40 上午,16/十二月/25 9:12 下午,,16/十二月/25 9:12 下午,25/十二月/25 12:00 上午,0,,,,Shaoying Wang,Yue Yang,,712020:90f11bd4-565d-4a3c-bcc8-d5abf81c5814,712020:957b55c4-f617-4ca2-8ece-9b50291ed7d7,,,,,,,,,,,,,,,,,,,,,,com.atlassian.servicedesk.plugins.approvals.internal.customfield.ApprovalsCFValue@43d873c1,,,,,,,,,,,,,,,,,,,,,,,,,,,,,,,,,0|i033py:,,,,,,,,,,,,,,,,,,,,25/十二月/25 12:00 上午,,,,,,,,,,,,,,,,,,,,,,,2025-11-13 09:31:44.426,11679_*:*_1_*:*_7846278329_*|*_11681_*:*_1_*:*_0,,,,,,,,,,,,,,,,,,,,,,,,,,,,,,,,,,,,,,,,,,,,,,,,,,,,,,,,,,,,,,,,,,,,13/十一月/25 4:31 上午;712020:90f11bd4-565d-4a3c-bcc8-d5abf81c5814;硬件回板到17号，时间往后顺延。,,,,,36676,DC320-24,MCU,完成,16/十二月/25 9:12 下午
修复 Beta 4 测试发现的问题,DC320-75,41231,子任务,CLOSED已关闭,DC320,AcuDC-320,business,Yanwen Wang,712020:8b826984-d86c-4a33-a641-251511cda1da,,Medium,完成,Shaoying Wang,712020:90f11bd4-565d-4a3c-bcc8-d5abf81c5814,Yue Yang,712020:957b55c4-f617-4ca2-8ece-9b50291ed7d7,Yue Yang,712020:957b55c4-f617-4ca2-8ece-9b50291ed7d7,17/九月/25 2:42 上午,16/十二月/25 9:12 下午,,16/十二月/25 9:12 下午,06/一月/26 12:00 上午,0,,,,Shaoying Wang,Yue Yang,,712020:90f11bd4-565d-4a3c-bcc8-d5abf81c5814,712020:957b55c4-f617-4ca2-8ece-9b50291ed7d7,,,,,,,,,,,,,,,,,,,,,,com.atlassian.servicedesk.plugins.approvals.internal.customfield.ApprovalsCFValue@222fbde0,,,,,,,,,,,,,,,,,,,,,,,,,,,,,,,,,0|i033py:r,,,,,,,,,,,,,,,,,,,,26/十二月/25 12:00 上午,,,,,,,,,,,,,,,,,,,,,,,2025-11-13 09:32:00.828,11679_*:*_1_*:*_7846196302_*|*_11681_*:*_1_*:*_0,,,,,,,,,,,,,,,,,,,,,,,,,,,,,,,,,,,,,,,,,,,,,,,,,,,,,,,,,,,,,,,,,,,,13/十一月/25 4:32 上午;712020:90f11bd4-565d-4a3c-bcc8-d5abf81c5814;硬件回板到17号，时间往后顺延。,,,,,36676,DC320-24,MCU,完成,16/十二月/25 9:12 下午
发布最终软件版本,DC320-32,36684,子任务,CLOSED已关闭,DC320,AcuDC-320,business,Yanwen Wang,712020:8b826984-d86c-4a33-a641-251511cda1da,,Medium,完成,Shaoying Wang,712020:90f11bd4-565d-4a3c-bcc8-d5abf81c5814,Yanwen Wang,712020:8b826984-d86c-4a33-a641-251511cda1da,Yanwen Wang,712020:8b826984-d86c-4a33-a641-251511cda1da,10/六月/25 2:30 上午,13/一月/26 7:33 下午,,13/一月/26 7:33 下午,13/一月/26 12:00 上午,0,,,,Shaoying Wang,Yanwen Wang,Yue Yang,712020:90f11bd4-565d-4a3c-bcc8-d5abf81c5814,712020:8b826984-d86c-4a33-a641-251511cda1da,712020:957b55c4-f617-4ca2-8ece-9b50291ed7d7,,,,,,,,,,,,,,,,,,,,,com.atlassian.servicedesk.plugins.approvals.internal.customfield.ApprovalsCFValue@52997f74,,,,,,,,,,,,,,,,,,,,,,,,,,,,,,,,,0|i033py:v,,,,,,,,,,,,,,,,,,,,07/一月/26 12:00 上午,,,,,,,,,,,,,,,,,,,,,,,2025-09-17 01:05:12.71,11679_*:*_1_*:*_18813779214_*|*_11681_*:*_1_*:*_0,,,,,,,,,,,,,,,,,,,,,,,,,,,,,,,,,,,,,,,,,,,,,,,,,,,,,,,,,,,,,,,,,,,,16/九月/25 9:05 下午;712020:957b55c4-f617-4ca2-8ece-9b50291ed7d7;根据测试时间倒推发布最终版本时间。,13/十一月/25 4:32 上午;712020:90f11bd4-565d-4a3c-bcc8-d5abf81c5814;硬件回板到17号，时间往后顺延。,,,,36676,DC320-24,MCU,完成,13/一月/26 7:33 下午
上位机,DC320-33,36685,任务,CREATED已创建,DC320,AcuDC-320,business,Yanwen Wang,712020:8b826984-d86c-4a33-a641-251511cda1da,,Medium,,Daiwei Luo,712020:5b98b0b4-dfca-4778-8cd6-880ab39c6746,Yanwen Wang,712020:8b826984-d86c-4a33-a641-251511cda1da,Yanwen Wang,712020:8b826984-d86c-4a33-a641-251511cda1da,10/六月/25 3:12 上午,24/十一月/25 10:24 下午,,,28/十一月/25 12:00 上午,0,,,,Yanwen Wang,,,712020:8b826984-d86c-4a33-a641-251511cda1da,,,,,,,,,,,,,,,,,,,,,,,com.atlassian.servicedesk.plugins.approvals.internal.customfield.ApprovalsCFValue@296e8883,,,,,,,,,,,,,,,,,,,,,,,,,,,,,,,,,0|i033pz:,,,,,,,,,,,,,,,,,,,,13/十月/25 12:00 上午,,,,,,,,,,,,,,,,,,,,,,,,,,,,,,,,,,,,,,,,,,,,,,,,,,,,,,,,,,,,,,,,,,,,,,,,,,,,,,,,,,,,,,,,,,,,,,,,,,,,待办,10/六月/25 3:12 上午
"自测并协同MCU联调,发布第一个测试版本",DC320-69,41118,子任务,CLOSED已关闭,DC320,AcuDC-320,business,Yanwen Wang,712020:8b826984-d86c-4a33-a641-251511cda1da,,Medium,完成,Jingsheng Wu,712020:504b1da7-598d-4414-bfa4-b6ed3cdccd90,Daiwei Luo,712020:5b98b0b4-dfca-4778-8cd6-880ab39c6746,Daiwei Luo,712020:5b98b0b4-dfca-4778-8cd6-880ab39c6746,15/九月/25 3:26 上午,04/十二月/25 2:07 上午,,04/十二月/25 2:06 上午,28/十一月/25 12:00 上午,0,,,,Daiwei Luo,Jingsheng Wu,,712020:5b98b0b4-dfca-4778-8cd6-880ab39c6746,712020:504b1da7-598d-4414-bfa4-b6ed3cdccd90,,,,,,,,,,,,,,,,,,,,,,com.atlassian.servicedesk.plugins.approvals.internal.customfield.ApprovalsCFValue@1a9be7c1,,,,,,,,,,,,,,,,,,,,,,,,,,,,,,,,,0|i033q0:,,,,,,,,,,,,,,,,,,,,27/十月/25 12:00 上午,,,,,,,,,,,,,,,,,,,,,,,2025-11-03 01:29:02.956,11679_*:*_1_*:*_3605294288_*|*_11680_*:*_1_*:*_0,,,,,,,,,,,,,,,,,,,,,,,,,,,,,,,,,,,,,,,,,,,,,,,,,,,,,,,,,,,,,,,,,,,,02/十一月/25 8:29 下午;712020:504b1da7-598d-4414-bfa4-b6ed3cdccd90;依赖硬件设备以及MCU版本，任务暂停,17/十一月/25 8:03 下午;712020:504b1da7-598d-4414-bfa4-b6ed3cdccd90;与项目沟通，MCU版本由于262紧急任务插入，MCU版本提供推迟，此任务暂停,04/十二月/25 2:07 上午;712020:504b1da7-598d-4414-bfa4-b6ed3cdccd90;版本已发布 v1.09p01,,,36685,DC320-33,上位机,完成,04/十二月/25 2:06 上午
开发调试log相关功能,DC320-68,41117,子任务,CLOSED已关闭,DC320,AcuDC-320,business,Yanwen Wang,712020:8b826984-d86c-4a33-a641-251511cda1da,,Medium,完成,Jingsheng Wu,712020:504b1da7-598d-4414-bfa4-b6ed3cdccd90,Daiwei Luo,712020:5b98b0b4-dfca-4778-8cd6-880ab39c6746,Daiwei Luo,712020:5b98b0b4-dfca-4778-8cd6-880ab39c6746,15/九月/25 3:25 上午,23/十月/25 9:07 下午,,23/十月/25 9:07 下午,24/十月/25 12:00 上午,0,,,,Daiwei Luo,Jingsheng Wu,,712020:5b98b0b4-dfca-4778-8cd6-880ab39c6746,712020:504b1da7-598d-4414-bfa4-b6ed3cdccd90,,,,,,,,,,,,,,,,,,,,,,com.atlassian.servicedesk.plugins.approvals.internal.customfield.ApprovalsCFValue@3e23c89e,,,,,,,,,,,,,,,,,,,,,,,,,,,,,,,,,0|i033q1:,,,,,,,,,,,,,,,,,,,,22/十月/25 12:00 上午,,,,,,,,,,,,,,,,,,,,,,,2025-10-24 01:07:09.729,11679_*:*_1_*:*_3346925750_*|*_11681_*:*_1_*:*_0,,,,,,,,,,,,,,,,,,,,,,,,,,,,,,,,,,,,,,,,,,,,,,,,,,,,,,,,,,,,,,,,,,,,23/十月/25 9:07 下午;712020:504b1da7-598d-4414-bfa4-b6ed3cdccd90;已开发完成，等待硬件调试,,,,,36685,DC320-33,上位机,完成,23/十月/25 9:07 下午
调试连接功能以及升级功能,DC320-67,41116,子任务,CLOSED已关闭,DC320,AcuDC-320,business,Yanwen Wang,712020:8b826984-d86c-4a33-a641-251511cda1da,,Medium,完成,Jingsheng Wu,712020:504b1da7-598d-4414-bfa4-b6ed3cdccd90,Daiwei Luo,712020:5b98b0b4-dfca-4778-8cd6-880ab39c6746,Daiwei Luo,712020:5b98b0b4-dfca-4778-8cd6-880ab39c6746,15/九月/25 3:21 上午,22/十月/25 4:59 上午,,22/十月/25 4:59 上午,22/十月/25 12:00 上午,0,,,,Daiwei Luo,Jingsheng Wu,,712020:5b98b0b4-dfca-4778-8cd6-880ab39c6746,712020:504b1da7-598d-4414-bfa4-b6ed3cdccd90,,,,,,,,,,,,,,,,,,,,,,com.atlassian.servicedesk.plugins.approvals.internal.customfield.ApprovalsCFValue@32b1a211,,,,,,,,,,,,,,,,,,,,,,,,,,,,,,,,,0|i033q3:,,,,,,,,,,,,,,,,,,,,20/十月/25 12:00 上午,,,,,,,,,,,,,,,,,,,,,,,2025-10-20 01:12:37.101,11679_*:*_1_*:*_3001501930_*|*_11680_*:*_1_*:*_0,,,,,,,,,,,,,,,,,,,,,,,,,,,,,,,,,,,,,,,,,,,,,,,,,,,,,,,,,,,,,,,,,,,,19/十月/25 9:12 下午;712020:504b1da7-598d-4414-bfa4-b6ed3cdccd90;本项任务由于硬件还未提供，后续处理,22/十月/25 4:59 上午;712020:504b1da7-598d-4414-bfa4-b6ed3cdccd90;已开发完成，等待硬件调试,,,,36685,DC320-33,上位机,完成,22/十月/25 4:59 上午
建立软件项目并移植 DC300 软件代码,DC320-34,36686,子任务,CLOSED已关闭,DC320,AcuDC-320,business,Yanwen Wang,712020:8b826984-d86c-4a33-a641-251511cda1da,,Medium,完成,Jingsheng Wu,712020:504b1da7-598d-4414-bfa4-b6ed3cdccd90,Yanwen Wang,712020:8b826984-d86c-4a33-a641-251511cda1da,Yanwen Wang,712020:8b826984-d86c-4a33-a641-251511cda1da,10/六月/25 3:12 上午,16/十月/25 9:45 下午,,16/十月/25 9:44 下午,17/十月/25 12:00 上午,0,,,,Jingsheng Wu,Yanwen Wang,,712020:504b1da7-598d-4414-bfa4-b6ed3cdccd90,712020:8b826984-d86c-4a33-a641-251511cda1da,,,,,,,,,,,,,,,,,,,,,,com.atlassian.servicedesk.plugins.approvals.internal.customfield.ApprovalsCFValue@c40c254,,,,,,,,,,,,,,,,,,,,,,,,,,,,,,,,,0|i033q7:,,,,,,,,,,,,,,,,,,,,13/十月/25 12:00 上午,,,,,,,,,,,,,,,,,,,,,,,2025-10-15 06:23:50.05,11679_*:*_1_*:*_10883088821_*|*_11680_*:*_1_*:*_0,,,,,,,,,,,,,,,,,,,,,,,,,,,,,,,,,,,,,,,,,,,,,,,,,,,,,,,,,,,,,,,,,,,,"15/十月/25 2:23 上午;712020:504b1da7-598d-4414-bfa4-b6ed3cdccd90;进度：已完成移植软件代码301，通过软件代码可链接301设备

正在进行：排查代码遗漏",16/十月/25 9:45 下午;712020:504b1da7-598d-4414-bfa4-b6ed3cdccd90;软件代码已经移植完成，遗漏代码排查完毕,,,,36685,DC320-33,上位机,完成,16/十月/25 9:44 下午
修改测试问题，发布最终版软件,DC320-35,36687,子任务,CREATED已创建,DC320,AcuDC-320,business,Yanwen Wang,712020:8b826984-d86c-4a33-a641-251511cda1da,,Medium,,Jingsheng Wu,712020:504b1da7-598d-4414-bfa4-b6ed3cdccd90,Yanwen Wang,712020:8b826984-d86c-4a33-a641-251511cda1da,Yanwen Wang,712020:8b826984-d86c-4a33-a641-251511cda1da,10/六月/25 3:13 上午,24/十一月/25 10:25 下午,,,28/十一月/25 12:00 上午,0,,,,Yanwen Wang,,,712020:8b826984-d86c-4a33-a641-251511cda1da,,,,,,,,,,,,,,,,,,,,,,,com.atlassian.servicedesk.plugins.approvals.internal.customfield.ApprovalsCFValue@fd189e2,,,,,,,,,,,,,,,,,,,,,,,,,,,,,,,,,0|i033qf:,,,,,,,,,,,,,,,,,,,,03/十一月/25 12:00 上午,,,,,,,,,,,,,,,,,,,,,,,,,,,,,,,,,,,,,,,,,,,,,,,,,,,,,,,,,,,,,,,,,,,,,,,,,,,,,,,,,,,,,,,,,,,,,,,,,36685,DC320-33,上位机,待办,10/六月/25 3:13 上午
全系统测试 Testing,DC320-36,36688,任务,CREATED已创建,DC320,AcuDC-320,business,Yanwen Wang,712020:8b826984-d86c-4a33-a641-251511cda1da,,Medium,,Renjie Jiao,712020:c9594b01-54b4-40f5-a40e-789f1adda839,Yanwen Wang,712020:8b826984-d86c-4a33-a641-251511cda1da,Yanwen Wang,712020:8b826984-d86c-4a33-a641-251511cda1da,10/六月/25 3:17 上午,20/十一月/25 7:59 下午,,,24/十二月/25 12:00 上午,0,,,,Yanwen Wang,,,712020:8b826984-d86c-4a33-a641-251511cda1da,,,,,,,,,,,,,,,,,,,,,,,com.atlassian.servicedesk.plugins.approvals.internal.customfield.ApprovalsCFValue@5b392f5,,,,,,,,,,,,,,,,,,,,,,,,,,,,,,,,,0|i033qn:,,,,,,,,,,,,,,,,,,,,03/十一月/25 12:00 上午,,,,,,,,,,,,,,,,,,,,,,,,,,,,,,,,,,,,,,,,,,,,,,,,,,,,,,,,,,,,,,,,,,,,,,,,,,,,,,,,,,,,,,,,,,,,,,,,,,,,待办,10/六月/25 3:17 上午
认证 Certification,DC320-19,36615,长篇故事,CREATED已创建,DC320,AcuDC-320,business,Yanwen Wang,712020:8b826984-d86c-4a33-a641-251511cda1da,,Medium,,,,Yanwen Wang,712020:8b826984-d86c-4a33-a641-251511cda1da,Yanwen Wang,712020:8b826984-d86c-4a33-a641-251511cda1da,10/六月/25 2:12 上午,15/九月/25 5:13 上午,,,10/四月/26 12:00 上午,0,,,,Yanwen Wang,,,712020:8b826984-d86c-4a33-a641-251511cda1da,,,,,,,,,,,,,,,,,,,,,,,com.atlassian.servicedesk.plugins.approvals.internal.customfield.ApprovalsCFValue@184f45a6,,,,,,,,,,,,,,,,,,,,,,,,,,,,,,,,,0|i033qr:,,,,,,,,,,,,,,,,,,,,14/十一月/25 12:00 上午,,,,,,,,,,,,,,,,,,,,,,,,,,,,,,,,,,,,,,,,,,,,,,,,,,,,,,,,,,,,,,,,,,,,,,,,,,,,,,,,,,,,,,,,,,,,,,,,,,,,待办,10/六月/25 2:12 上午
测试需求分析(新需求&继承需求),DC320-37,36689,子任务,CREATED已创建,DC320,AcuDC-320,business,Yanwen Wang,712020:8b826984-d86c-4a33-a641-251511cda1da,,Medium,,Congsong Liu,712020:e1009fed-6031-417b-9243-23e46c43b749,Yanwen Wang,712020:8b826984-d86c-4a33-a641-251511cda1da,Yanwen Wang,712020:8b826984-d86c-4a33-a641-251511cda1da,10/六月/25 3:18 上午,20/十一月/25 7:59 下午,,,13/十一月/25 12:00 上午,0,,,,Yanwen Wang,,,712020:8b826984-d86c-4a33-a641-251511cda1da,,,,,,,,,,,,,,,,,,,,,,,com.atlassian.servicedesk.plugins.approvals.internal.customfield.ApprovalsCFValue@5d5a7e34,,,,,,,,,,,,,,,,,,,,,,,,,,,,,,,,,0|i033qv:,,,,,,,,,,,,,,,,,,,,03/十一月/25 12:00 上午,,,,,,,,,,,,,,,,,,,,,,,,,,,,,,,,,,,,,,,,,,,,,,,,,,,,,,,,,,,,,,,,,,,,,,,,,,,,,,,,,,,,,,,,,,,,,,,,,36688,DC320-36,全系统测试 Testing,待办,10/六月/25 3:18 上午
测试方案适配及输出,DC320-38,36690,子任务,CLOSED已关闭,DC320,AcuDC-320,business,Yanwen Wang,712020:8b826984-d86c-4a33-a641-251511cda1da,,Medium,完成,Congsong Liu,712020:e1009fed-6031-417b-9243-23e46c43b749,Yanwen Wang,712020:8b826984-d86c-4a33-a641-251511cda1da,Yanwen Wang,712020:8b826984-d86c-4a33-a641-251511cda1da,10/六月/25 3:18 上午,20/十一月/25 7:58 下午,,20/十一月/25 7:58 下午,13/十一月/25 12:00 上午,0,,,,Yanwen Wang,,,712020:8b826984-d86c-4a33-a641-251511cda1da,,,,,,,,,,,,,,,,,,,,,,,com.atlassian.servicedesk.plugins.approvals.internal.customfield.ApprovalsCFValue@2bc1f8c5,,,,,,,,,,,,,,,,,,,,,,,,,,,,,,,,,0|i033r3:,,,,,,,,,,,,,,,,,,,,03/十一月/25 12:00 上午,,,,,,,,,,,,,,,,,,,,,,,,11679_*:*_1_*:*_14146832221_*|*_11681_*:*_1_*:*_0,,,,,,,,,,,,,,,,,,,,,,,,,,,,,,,,,,,,,,,,,,,,,,,,,,,,,,,,,,,,,,,,,,,,,,,,,36688,DC320-36,全系统测试 Testing,完成,20/十一月/25 7:58 下午
测试用例适配及新用例输出(预计用例规模450条),DC320-39,36691,子任务,CLOSED已关闭,DC320,AcuDC-320,business,Yanwen Wang,712020:8b826984-d86c-4a33-a641-251511cda1da,,Medium,完成,Congsong Liu,712020:e1009fed-6031-417b-9243-23e46c43b749,Yanwen Wang,712020:8b826984-d86c-4a33-a641-251511cda1da,Yanwen Wang,712020:8b826984-d86c-4a33-a641-251511cda1da,10/六月/25 3:18 上午,20/十一月/25 7:58 下午,,20/十一月/25 7:58 下午,13/十一月/25 12:00 上午,0,,,,Yanwen Wang,,,712020:8b826984-d86c-4a33-a641-251511cda1da,,,,,,,,,,,,,,,,,,,,,,,com.atlassian.servicedesk.plugins.approvals.internal.customfield.ApprovalsCFValue@a833d35,,,,,,,,,,,,,,,,,,,,,,,,,,,,,,,,,0|i033rb:,,,,,,,,,,,,,,,,,,,,03/十一月/25 12:00 上午,,,,,,,,,,,,,,,,,,,,,,,,11679_*:*_1_*:*_14146826143_*|*_11681_*:*_1_*:*_0,,,,,,,,,,,,,,,,,,,,,,,,,,,,,,,,,,,,,,,,,,,,,,,,,,,,,,,,,,,,,,,,,,,,,,,,,36688,DC320-36,全系统测试 Testing,完成,20/十一月/25 7:58 下午
用例及测试方案评审,DC320-40,36692,子任务,CLOSED已关闭,DC320,AcuDC-320,business,Yanwen Wang,712020:8b826984-d86c-4a33-a641-251511cda1da,,Medium,完成,Congsong Liu,712020:e1009fed-6031-417b-9243-23e46c43b749,Yanwen Wang,712020:8b826984-d86c-4a33-a641-251511cda1da,Yanwen Wang,712020:8b826984-d86c-4a33-a641-251511cda1da,10/六月/25 3:18 上午,20/十一月/25 7:58 下午,,20/十一月/25 7:58 下午,13/十一月/25 12:00 上午,0,,,,Yanwen Wang,,,712020:8b826984-d86c-4a33-a641-251511cda1da,,,,,,,,,,,,,,,,,,,,,,,com.atlassian.servicedesk.plugins.approvals.internal.customfield.ApprovalsCFValue@6c3f340b,,,,,,,,,,,,,,,,,,,,,,,,,,,,,,,,,0|i033rj:,,,,,,,,,,,,,,,,,,,,03/十一月/25 12:00 上午,,,,,,,,,,,,,,,,,,,,,,,,11679_*:*_1_*:*_14146821412_*|*_11681_*:*_1_*:*_0,,,,,,,,,,,,,,,,,,,,,,,,,,,,,,,,,,,,,,,,,,,,,,,,,,,,,,,,,,,,,,,,,,,,,,,,,36688,DC320-36,全系统测试 Testing,完成,20/十一月/25 7:58 下午
精度测量自动化脚本适配及调试,DC320-41,36693,子任务,CLOSED已关闭,DC320,AcuDC-320,business,Yanwen Wang,712020:8b826984-d86c-4a33-a641-251511cda1da,,Medium,完成,Congsong Liu,712020:e1009fed-6031-417b-9243-23e46c43b749,Yanwen Wang,712020:8b826984-d86c-4a33-a641-251511cda1da,Yanwen Wang,712020:8b826984-d86c-4a33-a641-251511cda1da,10/六月/25 3:18 上午,20/十一月/25 7:58 下午,,20/十一月/25 7:58 下午,13/十一月/25 12:00 上午,0,,,,Yanwen Wang,,,712020:8b826984-d86c-4a33-a641-251511cda1da,,,,,,,,,,,,,,,,,,,,,,,com.atlassian.servicedesk.plugins.approvals.internal.customfield.ApprovalsCFValue@3b9dacc4,,,,,,,,,,,,,,,,,,,,,,,,,,,,,,,,,0|i033rr:,,,,,,,,,,,,,,,,,,,,03/十一月/25 12:00 上午,,,,,,,,,,,,,,,,,,,,,,,,11679_*:*_1_*:*_14146814480_*|*_11681_*:*_1_*:*_0,,,,,,,,,,,,,,,,,,,,,,,,,,,,,,,,,,,,,,,,,,,,,,,,,,,,,,,,,,,,,,,,,,,,,,,,,36688,DC320-36,全系统测试 Testing,完成,20/十一月/25 7:58 下午
首个全功版本测试(450条),DC320-42,36694,子任务,CLOSED已关闭,DC320,AcuDC-320,business,Yanwen Wang,712020:8b826984-d86c-4a33-a641-251511cda1da,,Medium,完成,Renjie Jiao,712020:c9594b01-54b4-40f5-a40e-789f1adda839,Yanwen Wang,712020:8b826984-d86c-4a33-a641-251511cda1da,Yanwen Wang,712020:8b826984-d86c-4a33-a641-251511cda1da,10/六月/25 3:18 上午,16/十二月/25 7:38 下午,,16/十二月/25 7:38 下午,21/十一月/25 12:00 上午,0,,,,Yanwen Wang,,,712020:8b826984-d86c-4a33-a641-251511cda1da,,,,,,,,,,,,,,,,,,,,,,,com.atlassian.servicedesk.plugins.approvals.internal.customfield.ApprovalsCFValue@4f1eb94a,,,,,,,,,,,,,,,,,,,,,,,,,,,,,,,,,0|i033rz:,,,,,,,,,,,,,,,,,,,,17/十二月/25 12:00 上午,,,,,,,,,,,,,,,,,,,,,,,,11679_*:*_1_*:*_16392017577_*|*_11681_*:*_1_*:*_0,,,,,,,,,,,,,,,,,,,,,,,,,,,,,,,,,,,,,,,,,,,,,,,,,,,,,,,,,,,,,,,,,,,,,,,,,36688,DC320-36,全系统测试 Testing,完成,16/十二月/25 7:38 下午
首个全功版本测试(450条)+问题单回归测试,DC320-43,36695,子任务,CREATED已创建,DC320,AcuDC-320,business,Yanwen Wang,712020:8b826984-d86c-4a33-a641-251511cda1da,,Medium,,Renjie Jiao,712020:c9594b01-54b4-40f5-a40e-789f1adda839,Yanwen Wang,712020:8b826984-d86c-4a33-a641-251511cda1da,Yanwen Wang,712020:8b826984-d86c-4a33-a641-251511cda1da,10/六月/25 3:18 上午,20/十一月/25 7:59 下午,,,28/十一月/25 12:00 上午,0,,,,Yanwen Wang,,,712020:8b826984-d86c-4a33-a641-251511cda1da,,,,,,,,,,,,,,,,,,,,,,,com.atlassian.servicedesk.plugins.approvals.internal.customfield.ApprovalsCFValue@647fd6fc,,,,,,,,,,,,,,,,,,,,,,,,,,,,,,,,,0|i033s7:,,,,,,,,,,,,,,,,,,,,24/十一月/25 12:00 上午,,,,,,,,,,,,,,,,,,,,,,,,,,,,,,,,,,,,,,,,,,,,,,,,,,,,,,,,,,,,,,,,,,,,,,,,,,,,,,,,,,,,,,,,,,,,,,,,,36688,DC320-36,全系统测试 Testing,待办,10/六月/25 3:18 上午
基本功能版本测试+问题单回归测试,DC320-44,36696,子任务,CREATED已创建,DC320,AcuDC-320,business,Yanwen Wang,712020:8b826984-d86c-4a33-a641-251511cda1da,,Medium,,Renjie Jiao,712020:c9594b01-54b4-40f5-a40e-789f1adda839,Yanwen Wang,712020:8b826984-d86c-4a33-a641-251511cda1da,Yanwen Wang,712020:8b826984-d86c-4a33-a641-251511cda1da,10/六月/25 3:18 上午,20/十一月/25 7:59 下午,,,10/十二月/25 12:00 上午,0,,,,Yanwen Wang,,,712020:8b826984-d86c-4a33-a641-251511cda1da,,,,,,,,,,,,,,,,,,,,,,,com.atlassian.servicedesk.plugins.approvals.internal.customfield.ApprovalsCFValue@6da75a56,,,,,,,,,,,,,,,,,,,,,,,,,,,,,,,,,0|i033sf:,,,,,,,,,,,,,,,,,,,,01/十二月/25 12:00 上午,,,,,,,,,,,,,,,,,,,,,,,,,,,,,,,,,,,,,,,,,,,,,,,,,,,,,,,,,,,,,,,,,,,,,,,,,,,,,,,,,,,,,,,,,,,,,,,,,36688,DC320-36,全系统测试 Testing,待办,10/六月/25 3:18 上午
首个全功版本测试(450条)+问题单回归测试,DC320-45,36697,子任务,CREATED已创建,DC320,AcuDC-320,business,Yanwen Wang,712020:8b826984-d86c-4a33-a641-251511cda1da,,Medium,,Renjie Jiao,712020:c9594b01-54b4-40f5-a40e-789f1adda839,Yanwen Wang,712020:8b826984-d86c-4a33-a641-251511cda1da,Yanwen Wang,712020:8b826984-d86c-4a33-a641-251511cda1da,10/六月/25 3:18 上午,20/十一月/25 7:59 下午,,,17/十二月/25 12:00 上午,0,,,,Yanwen Wang,,,712020:8b826984-d86c-4a33-a641-251511cda1da,,,,,,,,,,,,,,,,,,,,,,,com.atlassian.servicedesk.plugins.approvals.internal.customfield.ApprovalsCFValue@1a862990,,,,,,,,,,,,,,,,,,,,,,,,,,,,,,,,,0|i033sn:,,,,,,,,,,,,,,,,,,,,11/十二月/25 12:00 上午,,,,,,,,,,,,,,,,,,,,,,,,,,,,,,,,,,,,,,,,,,,,,,,,,,,,,,,,,,,,,,,,,,,,,,,,,,,,,,,,,,,,,,,,,,,,,,,,,36688,DC320-36,全系统测试 Testing,待办,10/六月/25 3:18 上午
基本功能版本测试+问题单回归测试,DC320-46,36698,子任务,CREATED已创建,DC320,AcuDC-320,business,Yanwen Wang,712020:8b826984-d86c-4a33-a641-251511cda1da,,Medium,,Renjie Jiao,712020:c9594b01-54b4-40f5-a40e-789f1adda839,Yanwen Wang,712020:8b826984-d86c-4a33-a641-251511cda1da,Yanwen Wang,712020:8b826984-d86c-4a33-a641-251511cda1da,10/六月/25 3:18 上午,20/十一月/25 7:59 下午,,,24/十二月/25 12:00 上午,0,,,,Yanwen Wang,,,712020:8b826984-d86c-4a33-a641-251511cda1da,,,,,,,,,,,,,,,,,,,,,,,com.atlassian.servicedesk.plugins.approvals.internal.customfield.ApprovalsCFValue@46143f6a,,,,,,,,,,,,,,,,,,,,,,,,,,,,,,,,,0|i033sv:,,,,,,,,,,,,,,,,,,,,18/十二月/25 12:00 上午,,,,,,,,,,,,,,,,,,,,,,,,,,,,,,,,,,,,,,,,,,,,,,,,,,,,,,,,,,,,,,,,,,,,,,,,,,,,,,,,,,,,,,,,,,,,,,,,,36688,DC320-36,全系统测试 Testing,待办,10/六月/25 3:18 上午
结项 Project completion,DC320-47,36699,长篇故事,CREATED已创建,DC320,AcuDC-320,business,Yanwen Wang,712020:8b826984-d86c-4a33-a641-251511cda1da,,Medium,,Yanwen Wang,712020:8b826984-d86c-4a33-a641-251511cda1da,Yanwen Wang,712020:8b826984-d86c-4a33-a641-251511cda1da,Yanwen Wang,712020:8b826984-d86c-4a33-a641-251511cda1da,10/六月/25 3:26 上午,15/九月/25 5:13 上午,,,17/四月/26 12:00 上午,0,,,,Yanwen Wang,,,712020:8b826984-d86c-4a33-a641-251511cda1da,,,,,,,,,,,,,,,,,,,,,,,com.atlassian.servicedesk.plugins.approvals.internal.customfield.ApprovalsCFValue@59de64b0,,,,,,,,,,,,,,,,,,,,,,,,,,,,,,,,,0|i033t3:,,,,,,,,,,,,,,,,,,,,10/四月/26 12:00 上午,,,,,,,,,,,,,,,,,,,,,,,,,,,,,,,,,,,,,,,,,,,,,,,,,,,,,,,,,,,,,,,,,,,,,,,,,,,,,,,,,,,,,,,,,,,,,,,,,,,,待办,10/六月/25 3:26 上午
项目结项资料,DC320-48,36700,任务,CREATED已创建,DC320,AcuDC-320,business,Yanwen Wang,712020:8b826984-d86c-4a33-a641-251511cda1da,,Medium,,Yanwen Wang,712020:8b826984-d86c-4a33-a641-251511cda1da,Yanwen Wang,712020:8b826984-d86c-4a33-a641-251511cda1da,Yanwen Wang,712020:8b826984-d86c-4a33-a641-251511cda1da,10/六月/25 3:26 上午,14/九月/25 11:11 下午,,,30/一月/26 12:00 上午,0,,,,Yanwen Wang,,,712020:8b826984-d86c-4a33-a641-251511cda1da,,,,,,,,,,,,,,,,,,,,,,,com.atlassian.servicedesk.plugins.approvals.internal.customfield.ApprovalsCFValue@9464291,,,,,,,,,,,,,,,,,,,,,,,,,,,,,,,,,0|i033tb:,,,,,,,,,,,,,,,,,,,,26/一月/26 12:00 上午,,,,,,,,,,,,,,,,,,,,,,,,,,,,,,,,,,,,,,,,,,,,,,,,,,,,,,,,,,,,,,,,,,,,,,,,,,,,,,,,,,,,,,,,,,,,,,,,,36699,DC320-47,结项 Project completion,待办,10/六月/25 3:26 上午
转产评审,DC320-49,36701,任务,CREATED已创建,DC320,AcuDC-320,business,Yanwen Wang,712020:8b826984-d86c-4a33-a641-251511cda1da,,Medium,,Yanwen Wang,712020:8b826984-d86c-4a33-a641-251511cda1da,Yanwen Wang,712020:8b826984-d86c-4a33-a641-251511cda1da,Yanwen Wang,712020:8b826984-d86c-4a33-a641-251511cda1da,10/六月/25 3:26 上午,14/九月/25 11:11 下午,,,04/二月/26 12:00 上午,0,,,,Yanwen Wang,,,712020:8b826984-d86c-4a33-a641-251511cda1da,,,,,,,,,,,,,,,,,,,,,,,com.atlassian.servicedesk.plugins.approvals.internal.customfield.ApprovalsCFValue@5b55387a,,,,,,,,,,,,,,,,,,,,,,,,,,,,,,,,,0|i033tj:,,,,,,,,,,,,,,,,,,,,02/二月/26 12:00 上午,,,,,,,,,,,,,,,,,,,,,,,,,,,,,,,,,,,,,,,,,,,,,,,,,,,,,,,,,,,,,,,,,,,,,,,,,,,,,,,,,,,,,,,,,,,,,,,,,36699,DC320-47,结项 Project completion,待办,10/六月/25 3:27 上午
项目结项会议,DC320-50,36702,任务,CREATED已创建,DC320,AcuDC-320,business,Yanwen Wang,712020:8b826984-d86c-4a33-a641-251511cda1da,,Medium,,Yanwen Wang,712020:8b826984-d86c-4a33-a641-251511cda1da,Yanwen Wang,712020:8b826984-d86c-4a33-a641-251511cda1da,Yanwen Wang,712020:8b826984-d86c-4a33-a641-251511cda1da,10/六月/25 3:27 上午,14/九月/25 11:11 下午,,,05/二月/26 12:00 上午,0,,,,Yanwen Wang,,,712020:8b826984-d86c-4a33-a641-251511cda1da,,,,,,,,,,,,,,,,,,,,,,,com.atlassian.servicedesk.plugins.approvals.internal.customfield.ApprovalsCFValue@4fec2cbb,,,,,,,,,,,,,,,,,,,,,,,,,,,,,,,,,0|i033tr:,,,,,,,,,,,,,,,,,,,,05/二月/26 12:00 上午,,,,,,,,,,,,,,,,,,,,,,,,,,,,,,,,,,,,,,,,,,,,,,,,,,,,,,,,,,,,,,,,,,,,,,,,,,,,,,,,,,,,,,,,,,,,,,,,,36699,DC320-47,结项 Project completion,待办,10/六月/25 3:27 上午
需求分析,DC320-51,36808,子任务,CLOSED已关闭,DC320,AcuDC-320,business,Yanwen Wang,712020:8b826984-d86c-4a33-a641-251511cda1da,,Medium,完成,Gift Wang,6319068fea661fd37d508095,Yanwen Wang,712020:8b826984-d86c-4a33-a641-251511cda1da,Yanwen Wang,712020:8b826984-d86c-4a33-a641-251511cda1da,11/六月/25 8:36 下午,09/十月/25 3:59 上午,,09/十月/25 3:59 上午,19/九月/25 12:00 上午,0,,,,Yanwen Wang,,,712020:8b826984-d86c-4a33-a641-251511cda1da,,,,,,,,,,,,,,,,,,,,,,,com.atlassian.servicedesk.plugins.approvals.internal.customfield.ApprovalsCFValue@3d7d3b87,,,,,,,,,,,,,,,,,,,,,,,,,,,,,,,,,0|i034f3:,,,,,,,,,,,,,,,,,,,,15/九月/25 12:00 上午,,,,,,,,,,,,,,,,,,,,,,,,11679_*:*_1_*:*_8228928518_*|*_11680_*:*_1_*:*_0,,,,,,,,,,,,,,,,,,,,,,,,,,,,,,,,,,,,,,,,,,,,,,,,,,,,,,,,,,,,,,,,,,,,,,,,,36607,DC320-17,结构设计 Structural design,完成,09/十月/25 3:59 上午
外观概念设计,DC320-52,36809,子任务,CLOSED已关闭,DC320,AcuDC-320,business,Yanwen Wang,712020:8b826984-d86c-4a33-a641-251511cda1da,,Medium,完成,Wenbo Quan,712020:9ce54b7b-7d3f-4e7c-bc5c-ed98cb7903b2,Yanwen Wang,712020:8b826984-d86c-4a33-a641-251511cda1da,Yanwen Wang,712020:8b826984-d86c-4a33-a641-251511cda1da,11/六月/25 8:36 下午,10/十月/25 3:12 上午,,10/十月/25 3:07 上午,14/十月/25 12:00 上午,0,,,,Wenbo Quan,Yanwen Wang,,712020:9ce54b7b-7d3f-4e7c-bc5c-ed98cb7903b2,712020:8b826984-d86c-4a33-a641-251511cda1da,,,,,,,,,,,,,,,,,,,,,,com.atlassian.servicedesk.plugins.approvals.internal.customfield.ApprovalsCFValue@6701072,,,,,,,,,,,,,,,,,,,,,,,,,,,,,,,,,0|i034fb:,,,,,,,,,,,,,,,,,,,,19/九月/25 12:00 上午,,,,,,,,,,,,,,,,,,,,,,,2025-10-09 08:01:48.1,11679_*:*_1_*:*_9451389820_*|*_11680_*:*_1_*:*_0,,,,,,,,,,,,,,,,,,,,,,,,,,,,,,,,,,,,,,,,,,,,,,,,,,,,,,,,,,,,,,,,,,,,09/十月/25 4:01 上午;712020:9ce54b7b-7d3f-4e7c-bc5c-ed98cb7903b2;9.30已经完成一次内部的外观和结构设计方案评审，问题修改中,"10/十月/25 3:06 上午;712020:9ce54b7b-7d3f-4e7c-bc5c-ed98cb7903b2;电路板堆叠上，已经按照硬件需求将低压侧的四个端子布局完成，预计的产品宽度尺寸175没有变动。
端子的型号已经反馈硬件。

电路板垂直放置的方案，经过和硬件评估，布局空间受限，需要增加多个电路板堆叠，宽度尺寸减小的优势不明显，且结构布局连接上比较复杂，方案不再推进。",,,,36607,DC320-17,结构设计 Structural design,完成,10/十月/25 3:07 上午
外观评审,DC320-53,36810,子任务,CLOSED已关闭,DC320,AcuDC-320,business,Yanwen Wang,712020:8b826984-d86c-4a33-a641-251511cda1da,,Medium,完成,Gift Wang,6319068fea661fd37d508095,Yanwen Wang,712020:8b826984-d86c-4a33-a641-251511cda1da,Yanwen Wang,712020:8b826984-d86c-4a33-a641-251511cda1da,11/六月/25 8:36 下午,15/十月/25 6:52 上午,,15/十月/25 6:50 上午,13/十月/25 12:00 上午,0,,,,Wenbo Quan,Yanwen Wang,,712020:9ce54b7b-7d3f-4e7c-bc5c-ed98cb7903b2,712020:8b826984-d86c-4a33-a641-251511cda1da,,,,,,,,,,,,,,,,,,,,,,com.atlassian.servicedesk.plugins.approvals.internal.customfield.ApprovalsCFValue@1c0b5be6,,,,,,,,,,,,,,,,,,,,,,,,,,,,,,,,,0|i034fj:,,,,,,,,,,,,,,,,,,,,03/十月/25 12:00 上午,,,,,,,,,,,,,,,,,,,,,,,2025-10-10 07:08:26.603,11679_*:*_1_*:*_10836856144_*|*_11681_*:*_1_*:*_0,,,,,,,,,,,,,,,,,,,,,,,,,,,,,,,,,,,,,,,,,,,,,,,,,,,,,,,,,,,,,,,,,,,,10/十月/25 3:08 上午;712020:9ce54b7b-7d3f-4e7c-bc5c-ed98cb7903b2;外观设计完成，待评审，Gift预约会议时间，最晚13号完成。,"15/十月/25 6:52 上午;712020:9ce54b7b-7d3f-4e7c-bc5c-ed98cb7903b2;10.14号外观评审已经完成，整体外观没有问题。
尺寸需要配合SHUNT的确认调整。",,,,36607,DC320-17,结构设计 Structural design,完成,15/十月/25 6:50 上午
结构细节设计,DC320-54,36811,子任务,CLOSED已关闭,DC320,AcuDC-320,business,Yanwen Wang,712020:8b826984-d86c-4a33-a641-251511cda1da,,Medium,完成,Wenbo Quan,712020:9ce54b7b-7d3f-4e7c-bc5c-ed98cb7903b2,Yanwen Wang,712020:8b826984-d86c-4a33-a641-251511cda1da,Yanwen Wang,712020:8b826984-d86c-4a33-a641-251511cda1da,11/六月/25 8:36 下午,12/十一月/25 9:37 下午,,12/十一月/25 9:36 下午,07/十一月/25 12:00 上午,0,,,,Wenbo Quan,Yanwen Wang,,712020:9ce54b7b-7d3f-4e7c-bc5c-ed98cb7903b2,712020:8b826984-d86c-4a33-a641-251511cda1da,,,,,,,,,,,,,,,,,,,,,,com.atlassian.servicedesk.plugins.approvals.internal.customfield.ApprovalsCFValue@2a368bb5,,,,,,,,,,,,,,,,,,,,,,,,,,,,,,,,,0|i034fr:,,,,,,,,,,,,,,,,,,,,13/十月/25 12:00 上午,,,,,,,,,,,,,,,,,,,,,,,2025-10-13 09:52:14.724,11679_*:*_1_*:*_10649721175_*|*_11680_*:*_1_*:*_0,,,,,,,,,,,,,,,,,,,,,,,,,,,,,,,,,,,,,,,,,,,,,,,,,,,,,,,,,,,,,,,,,,,,"13/十月/25 5:52 上午;712020:9ce54b7b-7d3f-4e7c-bc5c-ed98cb7903b2;[~accountid:712020:8b826984-d86c-4a33-a641-251511cda1da] [~accountid:712020:44c146bf-076a-4f8e-a202-598eca2d3595] 
结构板框图已经发出","16/十月/25 8:45 下午;712020:9ce54b7b-7d3f-4e7c-bc5c-ed98cb7903b2;*需要确认Shunt选型*.目前结构细节设计仅能进行与PCB相关的Layout的调整。
其他的工作无法开展。","27/十月/25 8:52 下午;712020:9ce54b7b-7d3f-4e7c-bc5c-ed98cb7903b2;1.结构上已经配合硬件调整了部分器件布局，已经进行了结构布局审核，完成了图档核对。
*2.毫欧和首诚的Shunt选型待定，shunt安装相关的结构细节设计工作未开始。*","30/十月/25 9:36 下午;712020:9ce54b7b-7d3f-4e7c-bc5c-ed98cb7903b2;10/30 硬件反馈主板增加 Y电容的焊接支架，
补充设计任务","12/十一月/25 9:37 下午;712020:9ce54b7b-7d3f-4e7c-bc5c-ed98cb7903b2;Y电容支架设计完成，表体已经完成评审。
",36607,DC320-17,结构设计 Structural design,完成,12/十一月/25 9:36 下午
第一版3D打印样机试装,DC320-55,36812,子任务,CLOSED已关闭,DC320,AcuDC-320,business,Yanwen Wang,712020:8b826984-d86c-4a33-a641-251511cda1da,,Medium,完成,Wenbo Quan,712020:9ce54b7b-7d3f-4e7c-bc5c-ed98cb7903b2,Yanwen Wang,712020:8b826984-d86c-4a33-a641-251511cda1da,Yanwen Wang,712020:8b826984-d86c-4a33-a641-251511cda1da,11/六月/25 8:36 下午,27/十一月/25 6:00 上午,,27/十一月/25 6:00 上午,27/十一月/25 12:00 上午,0,,,,Wenbo Quan,Yanwen Wang,,712020:9ce54b7b-7d3f-4e7c-bc5c-ed98cb7903b2,712020:8b826984-d86c-4a33-a641-251511cda1da,,,,,,,,,,,,,,,,,,,,,,com.atlassian.servicedesk.plugins.approvals.internal.customfield.ApprovalsCFValue@26951d,,,,,,,,,,,,,,,,,,,,,,,,,,,,,,,,,0|i034fz:,,,,,,,,,,,,,,,,,,,,13/十一月/25 12:00 上午,,,,,,,,,,,,,,,,,,,,,,,2025-10-31 01:29:41.29,11679_*:*_1_*:*_13312946556_*|*_11680_*:*_1_*:*_0,,,,,,,,,,,,,,,,,,,,,,,,,,,,,,,,,,,,,,,,,,,,,,,,,,,,,,,,,,,,,,,,,,,,30/十月/25 9:29 下午;712020:9ce54b7b-7d3f-4e7c-bc5c-ed98cb7903b2;Shunt确认后，根据前置任务时间节点再做更新。,12/十一月/25 9:39 下午;712020:9ce54b7b-7d3f-4e7c-bc5c-ed98cb7903b2;目前按毫欧SHUNT的方案做结构件手板加工。,"16/十一月/25 8:00 下午;712020:9ce54b7b-7d3f-4e7c-bc5c-ed98cb7903b2;[~accountid:712020:9ce54b7b-7d3f-4e7c-bc5c-ed98cb7903b2] 
后续的工作已经更新节点。",,,36607,DC320-17,结构设计 Structural design,完成,27/十一月/25 6:00 上午
优化设计&图纸确认,DC320-56,36813,子任务,CLOSED已关闭,DC320,AcuDC-320,business,Yanwen Wang,712020:8b826984-d86c-4a33-a641-251511cda1da,,Medium,完成,Gift Wang,6319068fea661fd37d508095,Yanwen Wang,712020:8b826984-d86c-4a33-a641-251511cda1da,Yanwen Wang,712020:8b826984-d86c-4a33-a641-251511cda1da,11/六月/25 8:36 下午,18/十二月/25 4:36 上午,,18/十二月/25 4:36 上午,02/十二月/25 12:00 上午,0,,,,Wenbo Quan,Yanwen Wang,,712020:9ce54b7b-7d3f-4e7c-bc5c-ed98cb7903b2,712020:8b826984-d86c-4a33-a641-251511cda1da,,,,,,,,,,,,,,,,,,,,,,com.atlassian.servicedesk.plugins.approvals.internal.customfield.ApprovalsCFValue@1ef38ec5,,,,,,,,,,,,,,,,,,,,,,,,,,,,,,,,,0|i034g7:,,,,,,,,,,,,,,,,,,,,28/十一月/25 12:00 上午,,,,,,,,,,,,,,,,,,,,,,,2025-12-18 09:36:39.651,11679_*:*_1_*:*_14552643900_*|*_11680_*:*_1_*:*_0,,,,,,,,,,,,,,,,,,,,,,,,,,,,,,,,,,,,,,,,,,,,,,,,,,,,,,,,,,,,,,,,,,,,"18/十二月/25 4:36 上午;712020:9ce54b7b-7d3f-4e7c-bc5c-ed98cb7903b2;根据温升测试调增内部结构。

确认DC320 SHUNT导线规格书，根据规格书更新压线结构。",,,,,36607,DC320-17,结构设计 Structural design,完成,18/十二月/25 4:36 上午
最终版3D打印样机,DC320-57,36814,子任务,IN PROGRESS正在进行,DC320,AcuDC-320,business,Yanwen Wang,712020:8b826984-d86c-4a33-a641-251511cda1da,,Medium,,Wenbo Quan,712020:9ce54b7b-7d3f-4e7c-bc5c-ed98cb7903b2,Yanwen Wang,712020:8b826984-d86c-4a33-a641-251511cda1da,Yanwen Wang,712020:8b826984-d86c-4a33-a641-251511cda1da,11/六月/25 8:36 下午,12/一月/26 2:29 上午,,,30/一月/26 12:00 上午,0,,,,Wenbo Quan,Yanwen Wang,,712020:9ce54b7b-7d3f-4e7c-bc5c-ed98cb7903b2,712020:8b826984-d86c-4a33-a641-251511cda1da,,,,,,,,,,,,,,,,,,,,,,com.atlassian.servicedesk.plugins.approvals.internal.customfield.ApprovalsCFValue@4ae6c20f,,,,,,,,,,,,,,,,,,,,,,,,,,,,,,,,,0|i034gf:,,,,,,,,,,,,,,,,,,,,03/十二月/25 12:00 上午,,,,,,,,,,,,,,,,,,,,,,,2025-12-26 01:17:26.463,,,,,,,,,,,,,,,,,,,,,,,,,,,,,,,,,,,,,,,,,,,,,,,,,,,,,,,,,,,,,,,,,,,,,"25/十二月/25 8:17 下午;712020:9ce54b7b-7d3f-4e7c-bc5c-ed98cb7903b2;已经和硬件确认RS485的端子位置不做修改，维持目前插拔的端子。

导线规格确认按规格书调整固定结构，本周外发3D打印。",30/十二月/25 7:33 下午;712020:9ce54b7b-7d3f-4e7c-bc5c-ed98cb7903b2;3D样品加工中，预计4号到样。,"11/一月/26 9:33 下午;712020:9ce54b7b-7d3f-4e7c-bc5c-ed98cb7903b2;根据硬件的反馈涉及安规的结构进行部分调整，设计修改中。
硬件反馈Shunt导线变为三根，结构托线盘和上壳的结构调整，待线材规格书确认后调整。",,,36607,DC320-17,结构设计 Structural design,正在进行,25/十二月/25 8:18 下午
开模风险评估,DC320-58,36815,子任务,CREATED已创建,DC320,AcuDC-320,business,Yanwen Wang,712020:8b826984-d86c-4a33-a641-251511cda1da,,Medium,,Wenbo Quan,712020:9ce54b7b-7d3f-4e7c-bc5c-ed98cb7903b2,Yanwen Wang,712020:8b826984-d86c-4a33-a641-251511cda1da,Yanwen Wang,712020:8b826984-d86c-4a33-a641-251511cda1da,11/六月/25 8:36 下午,11/一月/26 9:34 下午,,,23/一月/26 12:00 上午,0,,,,Yanwen Wang,,,712020:8b826984-d86c-4a33-a641-251511cda1da,,,,,,,,,,,,,,,,,,,,,,,com.atlassian.servicedesk.plugins.approvals.internal.customfield.ApprovalsCFValue@67f51929,,,,,,,,,,,,,,,,,,,,,,,,,,,,,,,,,0|i034gn:,,,,,,,,,,,,,,,,,,,,16/一月/26 12:00 上午,,,,,,,,,,,,,,,,,,,,,,,,,,,,,,,,,,,,,,,,,,,,,,,,,,,,,,,,,,,,,,,,,,,,,,,,,,,,,,,,,,,,,,,,,,,,,,,,,36607,DC320-17,结构设计 Structural design,待办,11/六月/25 8:36 下午
最终结构评审,DC320-59,36816,子任务,CREATED已创建,DC320,AcuDC-320,business,Yanwen Wang,712020:8b826984-d86c-4a33-a641-251511cda1da,,Medium,,Gift Wang,6319068fea661fd37d508095,Yanwen Wang,712020:8b826984-d86c-4a33-a641-251511cda1da,Yanwen Wang,712020:8b826984-d86c-4a33-a641-251511cda1da,11/六月/25 8:37 下午,11/一月/26 9:33 下午,,,16/一月/26 12:00 上午,0,,,,Yanwen Wang,,,712020:8b826984-d86c-4a33-a641-251511cda1da,,,,,,,,,,,,,,,,,,,,,,,com.atlassian.servicedesk.plugins.approvals.internal.customfield.ApprovalsCFValue@11414781,,,,,,,,,,,,,,,,,,,,,,,,,,,,,,,,,0|i034gv:,,,,,,,,,,,,,,,,,,,,15/一月/26 12:00 上午,,,,,,,,,,,,,,,,,,,,,,,,,,,,,,,,,,,,,,,,,,,,,,,,,,,,,,,,,,,,,,,,,,,,,,,,,,,,,,,,,,,,,,,,,,,,,,,,,36607,DC320-17,结构设计 Structural design,待办,11/六月/25 8:37 下午
供应商开模,DC320-64,36821,子任务,CREATED已创建,DC320,AcuDC-320,business,Yanwen Wang,712020:8b826984-d86c-4a33-a641-251511cda1da,,Medium,,Wenbo Quan,712020:9ce54b7b-7d3f-4e7c-bc5c-ed98cb7903b2,Yanwen Wang,712020:8b826984-d86c-4a33-a641-251511cda1da,Yanwen Wang,712020:8b826984-d86c-4a33-a641-251511cda1da,11/六月/25 8:58 下午,11/一月/26 9:46 下午,,,16/三月/26 12:00 上午,0,,,,Yanwen Wang,,,712020:8b826984-d86c-4a33-a641-251511cda1da,,,,,,,,,,,,,,,,,,,,,,,com.atlassian.servicedesk.plugins.approvals.internal.customfield.ApprovalsCFValue@3d1f898f,,,,,,,,,,,,,,,,,,,,,,,,,,,,,,,,,0|i034gz:,,,,,,,,,,,,,,,,,,,,30/一月/26 12:00 上午,,,,,,,,,,,,,,,,,,,,,,,,,,,,,,,,,,,,,,,,,,,,,,,,,,,,,,,,,,,,,,,,,,,,,,,,,,,,,,,,,,,,,,,,,,,,,,,,,36607,DC320-17,结构设计 Structural design,待办,11/六月/25 8:58 下午
T0样品验证,DC320-60,36817,子任务,CREATED已创建,DC320,AcuDC-320,business,Yanwen Wang,712020:8b826984-d86c-4a33-a641-251511cda1da,,Medium,,Wenbo Quan,712020:9ce54b7b-7d3f-4e7c-bc5c-ed98cb7903b2,Yanwen Wang,712020:8b826984-d86c-4a33-a641-251511cda1da,Yanwen Wang,712020:8b826984-d86c-4a33-a641-251511cda1da,11/六月/25 8:37 下午,11/一月/26 9:46 下午,,,20/三月/26 12:00 上午,0,,,,Yanwen Wang,,,712020:8b826984-d86c-4a33-a641-251511cda1da,,,,,,,,,,,,,,,,,,,,,,,com.atlassian.servicedesk.plugins.approvals.internal.customfield.ApprovalsCFValue@6a346a0,,,,,,,,,,,,,,,,,,,,,,,,,,,,,,,,,0|i034h3:,,,,,,,,,,,,,,,,,,,,17/三月/26 12:00 上午,,,,,,,,,,,,,,,,,,,,,,,,,,,,,,,,,,,,,,,,,,,,,,,,,,,,,,,,,,,,,,,,,,,,,,,,,,,,,,,,,,,,,,,,,,,,,,,,,36607,DC320-17,结构设计 Structural design,待办,11/六月/25 8:37 下午
模具调整,DC320-61,36818,子任务,CREATED已创建,DC320,AcuDC-320,business,Yanwen Wang,712020:8b826984-d86c-4a33-a641-251511cda1da,,Medium,,Wenbo Quan,712020:9ce54b7b-7d3f-4e7c-bc5c-ed98cb7903b2,Yanwen Wang,712020:8b826984-d86c-4a33-a641-251511cda1da,Yanwen Wang,712020:8b826984-d86c-4a33-a641-251511cda1da,11/六月/25 8:37 下午,16/十一月/25 7:59 下午,,,06/三月/26 12:00 上午,0,,,,Yanwen Wang,,,712020:8b826984-d86c-4a33-a641-251511cda1da,,,,,,,,,,,,,,,,,,,,,,,com.atlassian.servicedesk.plugins.approvals.internal.customfield.ApprovalsCFValue@245e165c,,,,,,,,,,,,,,,,,,,,,,,,,,,,,,,,,0|i034hb:,,,,,,,,,,,,,,,,,,,,17/二月/26 12:00 上午,,,,,,,,,,,,,,,,,,,,,,,,,,,,,,,,,,,,,,,,,,,,,,,,,,,,,,,,,,,,,,,,,,,,,,,,,,,,,,,,,,,,,,,,,,,,,,,,,36607,DC320-17,结构设计 Structural design,待办,11/六月/25 8:37 下午
T1模具样品评审,DC320-62,36819,子任务,CREATED已创建,DC320,AcuDC-320,business,Yanwen Wang,712020:8b826984-d86c-4a33-a641-251511cda1da,,Medium,,Gift Wang,6319068fea661fd37d508095,Yanwen Wang,712020:8b826984-d86c-4a33-a641-251511cda1da,Yanwen Wang,712020:8b826984-d86c-4a33-a641-251511cda1da,11/六月/25 8:37 下午,16/十一月/25 7:59 下午,,,26/三月/26 12:00 上午,0,,,,Yanwen Wang,,,712020:8b826984-d86c-4a33-a641-251511cda1da,,,,,,,,,,,,,,,,,,,,,,,com.atlassian.servicedesk.plugins.approvals.internal.customfield.ApprovalsCFValue@21319aa8,,,,,,,,,,,,,,,,,,,,,,,,,,,,,,,,,0|i034hj:,,,,,,,,,,,,,,,,,,,,09/三月/26 12:00 上午,,,,,,,,,,,,,,,,,,,,,,,,,,,,,,,,,,,,,,,,,,,,,,,,,,,,,,,,,,,,,,,,,,,,,,,,,,,,,,,,,,,,,,,,,,,,,,,,,36607,DC320-17,结构设计 Structural design,待办,11/六月/25 8:37 下午
小批量试产,DC320-63,36820,子任务,CREATED已创建,DC320,AcuDC-320,business,Yanwen Wang,712020:8b826984-d86c-4a33-a641-251511cda1da,,Medium,,,,Yanwen Wang,712020:8b826984-d86c-4a33-a641-251511cda1da,Yanwen Wang,712020:8b826984-d86c-4a33-a641-251511cda1da,11/六月/25 8:37 下午,16/十一月/25 8:08 下午,,,,0,,,,Yanwen Wang,,,712020:8b826984-d86c-4a33-a641-251511cda1da,,,,,,,,,,,,,,,,,,,,,,,com.atlassian.servicedesk.plugins.approvals.internal.customfield.ApprovalsCFValue@45003737,,,,,,,,,,,,,,,,,,,,,,,,,,,,,,,,,0|i034hr:,,,,,,,,,,,,,,,,,,,,,,,,,,,,,,,,,,,,,,,,,,,,,,,,,,,,,,,,,,,,,,,,,,,,,,,,,,,,,,,,,,,,,,,,,,,,,,,,,,,,,,,,,,,,,,,,,,,,,36607,DC320-17,结构设计 Structural design,待办,11/六月/25 8:37 下午
Remote Dispaly 需求分析,DC320-76,42719,子任务,CLOSED已关闭,DC320,AcuDC-320,business,Yanwen Wang,712020:8b826984-d86c-4a33-a641-251511cda1da,,Medium,完成,Wenbo Quan,712020:9ce54b7b-7d3f-4e7c-bc5c-ed98cb7903b2,Wenbo Quan,712020:9ce54b7b-7d3f-4e7c-bc5c-ed98cb7903b2,Wenbo Quan,712020:9ce54b7b-7d3f-4e7c-bc5c-ed98cb7903b2,15/十月/25 6:54 上午,19/十月/25 8:44 下午,,19/十月/25 8:44 下午,17/十月/25 12:00 上午,0,,,,Wenbo Quan,,,712020:9ce54b7b-7d3f-4e7c-bc5c-ed98cb7903b2,,,,,,,,,,,,,,,,,,,,,,,com.atlassian.servicedesk.plugins.approvals.internal.customfield.ApprovalsCFValue@70d07a61,,,,,,,,,,,,,,,,,,,,,,,,,,,,,,,,,0|i034ht:,,,,,,,,,,,,,,,,,,,,14/十月/25 12:00 上午,,,,,,,,,,,,,,,,,,,,,,,,11679_*:*_1_*:*_1662636_*|*_11680_*:*_1_*:*_0,,,,,,,,,,,,,,,,,,,,,,,,,,,,,,,,,,,,,,,,,,,,,,,,,,,,,,,,,,,,,,,,,,,,16/十月/25 8:46 下午;712020:9ce54b7b-7d3f-4e7c-bc5c-ed98cb7903b2;与硬件沟通了预计需要的PCB板面积,,,,,36607,DC320-17,结构设计 Structural design,完成,19/十月/25 8:44 下午
Remote Dispaly 外观概念设计,DC320-77,42720,子任务,CLOSED已关闭,DC320,AcuDC-320,business,Yanwen Wang,712020:8b826984-d86c-4a33-a641-251511cda1da,,Medium,完成,Wenbo Quan,712020:9ce54b7b-7d3f-4e7c-bc5c-ed98cb7903b2,Wenbo Quan,712020:9ce54b7b-7d3f-4e7c-bc5c-ed98cb7903b2,Wenbo Quan,712020:9ce54b7b-7d3f-4e7c-bc5c-ed98cb7903b2,15/十月/25 6:57 上午,27/十月/25 8:45 下午,,27/十月/25 8:45 下午,29/十月/25 12:00 上午,0,,,,Wenbo Quan,,,712020:9ce54b7b-7d3f-4e7c-bc5c-ed98cb7903b2,,,,,,,,,,,,,,,,,,,,,,,com.atlassian.servicedesk.plugins.approvals.internal.customfield.ApprovalsCFValue@37b4797,,,,,,,,,,,,,,,,,,,,,,,,,,,,,,,,,0|i034hu:,,,,,,,,,,,,,,,,,,,,20/十月/25 12:00 上午,,,,,,,,,,,,,,,,,,,,,,,,11679_*:*_2_*:*_395260982_*|*_11680_*:*_1_*:*_691240285,,,,,,,,,,,,,,,,,,,,,,,,,,,,,,,,,,,,,,,,,,,,,,,,,,,,,,,,,,,,,,,,,,,,22/十月/25 12:38 上午;712020:9ce54b7b-7d3f-4e7c-bc5c-ed98cb7903b2;22号进行了一次内部的方案沟通，方案要做一些调整，复用现有92*92的开孔尺寸，会和尺寸冲突，需要在做评估。,"24/十月/25 1:19 上午;712020:9ce54b7b-7d3f-4e7c-bc5c-ed98cb7903b2;因尺寸限制，不复用现有的开孔尺寸，根据实际结构布局情况开孔。
结构方案调整中",,,,36607,DC320-17,结构设计 Structural design,完成,27/十月/25 8:45 下午
Remote Dispaly 外观评审,DC320-78,42721,子任务,CLOSED已关闭,DC320,AcuDC-320,business,Yanwen Wang,712020:8b826984-d86c-4a33-a641-251511cda1da,,Medium,完成,,,Wenbo Quan,712020:9ce54b7b-7d3f-4e7c-bc5c-ed98cb7903b2,Wenbo Quan,712020:9ce54b7b-7d3f-4e7c-bc5c-ed98cb7903b2,15/十月/25 7:00 上午,29/十月/25 1:39 上午,,29/十月/25 1:35 上午,29/十月/25 12:00 上午,0,,,,Wenbo Quan,,,712020:9ce54b7b-7d3f-4e7c-bc5c-ed98cb7903b2,,,,,,,,,,,,,,,,,,,,,,,com.atlassian.servicedesk.plugins.approvals.internal.customfield.ApprovalsCFValue@59f70c28,,,,,,,,,,,,,,,,,,,,,,,,,,,,,,,,,0|i034hu:i,,,,,,,,,,,,,,,,,,,,27/十月/25 12:00 上午,,,,,,,,,,,,,,,,,,,,,,,,11679_*:*_1_*:*_1190132186_*|*_11681_*:*_1_*:*_0,,,,,,,,,,,,,,,,,,,,,,,,,,,,,,,,,,,,,,,,,,,,,,,,,,,,,,,,,,,,,,,,,,,,29/十月/25 1:39 上午;712020:9ce54b7b-7d3f-4e7c-bc5c-ed98cb7903b2;外观结构问题已经调整，Gift和Howard评审确认，结构按此版本评估电路板布局空间。,,,,,36607,DC320-17,结构设计 Structural design,完成,29/十月/25 1:35 上午
Remote Dispaly 结构细节设计,DC320-79,42722,子任务,CLOSED已关闭,DC320,AcuDC-320,business,Yanwen Wang,712020:8b826984-d86c-4a33-a641-251511cda1da,,Medium,完成,Wenbo Quan,712020:9ce54b7b-7d3f-4e7c-bc5c-ed98cb7903b2,Wenbo Quan,712020:9ce54b7b-7d3f-4e7c-bc5c-ed98cb7903b2,Wenbo Quan,712020:9ce54b7b-7d3f-4e7c-bc5c-ed98cb7903b2,15/十月/25 7:00 上午,05/十一月/25 10:52 下午,,05/十一月/25 10:52 下午,04/十一月/25 12:00 上午,0,,,,Wenbo Quan,,,712020:9ce54b7b-7d3f-4e7c-bc5c-ed98cb7903b2,,,,,,,,,,,,,,,,,,,,,,,com.atlassian.servicedesk.plugins.approvals.internal.customfield.ApprovalsCFValue@22ce1c7f,,,,,,,,,,,,,,,,,,,,,,,,,,,,,,,,,0|i034hu:r,,,,,,,,,,,,,,,,,,,,30/十月/25 12:00 上午,,,,,,,,,,,,,,,,,,,,,,,,11679_*:*_1_*:*_1190098823_*|*_11680_*:*_1_*:*_0,,,,,,,,,,,,,,,,,,,,,,,,,,,,,,,,,,,,,,,,,,,,,,,,,,,,,,,,,,,,,,,,,,,,04/十一月/25 10:42 下午;712020:9ce54b7b-7d3f-4e7c-bc5c-ed98cb7903b2;已经完成电路板的布局检查,,,,,36607,DC320-17,结构设计 Structural design,完成,05/十一月/25 10:52 下午
Remote Dispaly 第一版3D打印样机试装,DC320-80,42723,子任务,CLOSED已关闭,DC320,AcuDC-320,business,Yanwen Wang,712020:8b826984-d86c-4a33-a641-251511cda1da,,Medium,完成,Wenbo Quan,712020:9ce54b7b-7d3f-4e7c-bc5c-ed98cb7903b2,Wenbo Quan,712020:9ce54b7b-7d3f-4e7c-bc5c-ed98cb7903b2,Wenbo Quan,712020:9ce54b7b-7d3f-4e7c-bc5c-ed98cb7903b2,15/十月/25 7:01 上午,27/十一月/25 6:00 上午,,27/十一月/25 6:00 上午,28/十一月/25 12:00 上午,0,,,,Wenbo Quan,,,712020:9ce54b7b-7d3f-4e7c-bc5c-ed98cb7903b2,,,,,,,,,,,,,,,,,,,,,,,com.atlassian.servicedesk.plugins.approvals.internal.customfield.ApprovalsCFValue@4bf715ec,,,,,,,,,,,,,,,,,,,,,,,,,,,,,,,,,0|i034hu:v,,,,,,,,,,,,,,,,,,,,05/十一月/25 12:00 上午,,,,,,,,,,,,,,,,,,,,,,,,11679_*:*_1_*:*_1875149096_*|*_11681_*:*_1_*:*_11980_*|*_11680_*:*_2_*:*_1829473389,,,,,,,,,,,,,,,,,,,,,,,,,,,,,,,,,,,,,,,,,,,,,,,,,,,,,,,,,,,,,,,,,,,,"05/十一月/25 10:54 下午;712020:9ce54b7b-7d3f-4e7c-bc5c-ed98cb7903b2;display本周发出手板加工
电路板预计17号到样",12/十一月/25 9:41 下午;712020:9ce54b7b-7d3f-4e7c-bc5c-ed98cb7903b2;display跟随表本体任务做节点更新。,,,,36607,DC320-17,结构设计 Structural design,完成,27/十一月/25 6:00 上午
Remote Dispaly 优化设计&图纸确认,DC320-81,42724,子任务,CLOSED已关闭,DC320,AcuDC-320,business,Yanwen Wang,712020:8b826984-d86c-4a33-a641-251511cda1da,,Medium,完成,,,Wenbo Quan,712020:9ce54b7b-7d3f-4e7c-bc5c-ed98cb7903b2,Wenbo Quan,712020:9ce54b7b-7d3f-4e7c-bc5c-ed98cb7903b2,15/十月/25 7:01 上午,18/十二月/25 4:34 上午,,18/十二月/25 4:34 上午,02/十二月/25 12:00 上午,0,,,,Wenbo Quan,,,712020:9ce54b7b-7d3f-4e7c-bc5c-ed98cb7903b2,,,,,,,,,,,,,,,,,,,,,,,com.atlassian.servicedesk.plugins.approvals.internal.customfield.ApprovalsCFValue@6f26be07,,,,,,,,,,,,,,,,,,,,,,,,,,,,,,,,,0|i034hu:x,,,,,,,,,,,,,,,,,,,,28/十一月/25 12:00 上午,,,,,,,,,,,,,,,,,,,,,,,,11679_*:*_1_*:*_3704612912_*|*_11680_*:*_1_*:*_0,,,,,,,,,,,,,,,,,,,,,,,,,,,,,,,,,,,,,,,,,,,,,,,,,,,,,,,,,,,,,,,,,,,,,,,,,36607,DC320-17,结构设计 Structural design,完成,18/十二月/25 4:34 上午
Remote Dispaly 最终版3D打印样机,DC320-82,42725,子任务,IN PROGRESS正在进行,DC320,AcuDC-320,business,Yanwen Wang,712020:8b826984-d86c-4a33-a641-251511cda1da,,Medium,,Wenbo Quan,712020:9ce54b7b-7d3f-4e7c-bc5c-ed98cb7903b2,Wenbo Quan,712020:9ce54b7b-7d3f-4e7c-bc5c-ed98cb7903b2,Wenbo Quan,712020:9ce54b7b-7d3f-4e7c-bc5c-ed98cb7903b2,15/十月/25 7:01 上午,25/十二月/25 8:18 下午,,,31/十二月/25 12:00 上午,0,,,,Wenbo Quan,,,712020:9ce54b7b-7d3f-4e7c-bc5c-ed98cb7903b2,,,,,,,,,,,,,,,,,,,,,,,com.atlassian.servicedesk.plugins.approvals.internal.customfield.ApprovalsCFValue@7b700648,,,,,,,,,,,,,,,,,,,,,,,,,,,,,,,,,0|i034hu:y,,,,,,,,,,,,,,,,,,,,03/十二月/25 12:00 上午,,,,,,,,,,,,,,,,,,,,,,,,,,,,,,,,,,,,,,,,,,,,,,,,,,,,,,,,,,,,,,,,,,,,,,,,,,,,,,,,,,,,,,,,,,,,25/十二月/25 8:18 下午;712020:9ce54b7b-7d3f-4e7c-bc5c-ed98cb7903b2;随表体本周外发3D打印,,,,,36607,DC320-17,结构设计 Structural design,正在进行,25/十二月/25 8:18 下午
Remote Dispaly 开模风险评估,DC320-83,42726,子任务,CREATED已创建,DC320,AcuDC-320,business,Yanwen Wang,712020:8b826984-d86c-4a33-a641-251511cda1da,,Medium,,Wenbo Quan,712020:9ce54b7b-7d3f-4e7c-bc5c-ed98cb7903b2,Wenbo Quan,712020:9ce54b7b-7d3f-4e7c-bc5c-ed98cb7903b2,Wenbo Quan,712020:9ce54b7b-7d3f-4e7c-bc5c-ed98cb7903b2,15/十月/25 7:01 上午,11/一月/26 9:42 下午,,,16/一月/26 12:00 上午,0,,,,Wenbo Quan,,,712020:9ce54b7b-7d3f-4e7c-bc5c-ed98cb7903b2,,,,,,,,,,,,,,,,,,,,,,,com.atlassian.servicedesk.plugins.approvals.internal.customfield.ApprovalsCFValue@6011383d,,,,,,,,,,,,,,,,,,,,,,,,,,,,,,,,,0|i034hu:z,,,,,,,,,,,,,,,,,,,,17/十二月/25 12:00 上午,,,,,,,,,,,,,,,,,,,,,,,,,,,,,,,,,,,,,,,,,,,,,,,,,,,,,,,,,,,,,,,,,,,,,,,,,,,,,,,,,,,,,,,,,,,,,,,,,36607,DC320-17,结构设计 Structural design,待办,15/十月/25 7:01 上午
Remote Dispaly 最终结构评审,DC320-84,42727,子任务,CREATED已创建,DC320,AcuDC-320,business,Yanwen Wang,712020:8b826984-d86c-4a33-a641-251511cda1da,,Medium,,,,Wenbo Quan,712020:9ce54b7b-7d3f-4e7c-bc5c-ed98cb7903b2,Wenbo Quan,712020:9ce54b7b-7d3f-4e7c-bc5c-ed98cb7903b2,15/十月/25 7:01 上午,11/一月/26 9:42 下午,,,16/一月/26 12:00 上午,0,,,,Wenbo Quan,,,712020:9ce54b7b-7d3f-4e7c-bc5c-ed98cb7903b2,,,,,,,,,,,,,,,,,,,,,,,com.atlassian.servicedesk.plugins.approvals.internal.customfield.ApprovalsCFValue@596fb35c,,,,,,,,,,,,,,,,,,,,,,,,,,,,,,,,,0|i034hu:zi,,,,,,,,,,,,,,,,,,,,24/十二月/25 12:00 上午,,,,,,,,,,,,,,,,,,,,,,,,,,,,,,,,,,,,,,,,,,,,,,,,,,,,,,,,,,,,,,,,,,,,,,,,,,,,,,,,,,,,,,,,,,,,,,,,,36607,DC320-17,结构设计 Structural design,待办,15/十月/25 7:01 上午
Remote Dispaly 供应商开模,DC320-85,42728,子任务,CREATED已创建,DC320,AcuDC-320,business,Yanwen Wang,712020:8b826984-d86c-4a33-a641-251511cda1da,,Medium,,Wenbo Quan,712020:9ce54b7b-7d3f-4e7c-bc5c-ed98cb7903b2,Wenbo Quan,712020:9ce54b7b-7d3f-4e7c-bc5c-ed98cb7903b2,Wenbo Quan,712020:9ce54b7b-7d3f-4e7c-bc5c-ed98cb7903b2,15/十月/25 7:02 上午,16/十一月/25 8:03 下午,,,09/二月/26 12:00 上午,0,,,,Wenbo Quan,,,712020:9ce54b7b-7d3f-4e7c-bc5c-ed98cb7903b2,,,,,,,,,,,,,,,,,,,,,,,com.atlassian.servicedesk.plugins.approvals.internal.customfield.ApprovalsCFValue@56e84544,,,,,,,,,,,,,,,,,,,,,,,,,,,,,,,,,0|i034hu:zr,,,,,,,,,,,,,,,,,,,,26/十二月/25 12:00 上午,,,,,,,,,,,,,,,,,,,,,,,,,,,,,,,,,,,,,,,,,,,,,,,,,,,,,,,,,,,,,,,,,,,,,,,,,,,,,,,,,,,,,,,,,,,,,,,,,36607,DC320-17,结构设计 Structural design,待办,15/十月/25 7:02 上午
Remote Dispaly T0样品验证,DC320-86,42729,子任务,CREATED已创建,DC320,AcuDC-320,business,Yanwen Wang,712020:8b826984-d86c-4a33-a641-251511cda1da,,Medium,,Wenbo Quan,712020:9ce54b7b-7d3f-4e7c-bc5c-ed98cb7903b2,Wenbo Quan,712020:9ce54b7b-7d3f-4e7c-bc5c-ed98cb7903b2,Wenbo Quan,712020:9ce54b7b-7d3f-4e7c-bc5c-ed98cb7903b2,15/十月/25 7:02 上午,16/十一月/25 8:04 下午,,,16/二月/26 12:00 上午,0,,,,Wenbo Quan,,,712020:9ce54b7b-7d3f-4e7c-bc5c-ed98cb7903b2,,,,,,,,,,,,,,,,,,,,,,,com.atlassian.servicedesk.plugins.approvals.internal.customfield.ApprovalsCFValue@627f30bf,,,,,,,,,,,,,,,,,,,,,,,,,,,,,,,,,0|i034hu:zv,,,,,,,,,,,,,,,,,,,,10/二月/26 12:00 上午,,,,,,,,,,,,,,,,,,,,,,,,,,,,,,,,,,,,,,,,,,,,,,,,,,,,,,,,,,,,,,,,,,,,,,,,,,,,,,,,,,,,,,,,,,,,,,,,,36607,DC320-17,结构设计 Structural design,待办,15/十月/25 7:02 上午
Remote Dispaly 模具调整,DC320-87,42730,子任务,CREATED已创建,DC320,AcuDC-320,business,Yanwen Wang,712020:8b826984-d86c-4a33-a641-251511cda1da,,Medium,,Wenbo Quan,712020:9ce54b7b-7d3f-4e7c-bc5c-ed98cb7903b2,Wenbo Quan,712020:9ce54b7b-7d3f-4e7c-bc5c-ed98cb7903b2,Wenbo Quan,712020:9ce54b7b-7d3f-4e7c-bc5c-ed98cb7903b2,15/十月/25 7:02 上午,16/十一月/25 8:04 下午,,,06/三月/26 12:00 上午,0,,,,Wenbo Quan,,,712020:9ce54b7b-7d3f-4e7c-bc5c-ed98cb7903b2,,,,,,,,,,,,,,,,,,,,,,,com.atlassian.servicedesk.plugins.approvals.internal.customfield.ApprovalsCFValue@65bb9f8b,,,,,,,,,,,,,,,,,,,,,,,,,,,,,,,,,0|i034hu:zx,,,,,,,,,,,,,,,,,,,,17/二月/26 12:00 上午,,,,,,,,,,,,,,,,,,,,,,,,,,,,,,,,,,,,,,,,,,,,,,,,,,,,,,,,,,,,,,,,,,,,,,,,,,,,,,,,,,,,,,,,,,,,,,,,,36607,DC320-17,结构设计 Structural design,待办,15/十月/25 7:02 上午
Remote Dispaly T1模具样品评审,DC320-88,42731,子任务,CREATED已创建,DC320,AcuDC-320,business,Yanwen Wang,712020:8b826984-d86c-4a33-a641-251511cda1da,,Medium,,,,Wenbo Quan,712020:9ce54b7b-7d3f-4e7c-bc5c-ed98cb7903b2,Wenbo Quan,712020:9ce54b7b-7d3f-4e7c-bc5c-ed98cb7903b2,15/十月/25 7:02 上午,16/十一月/25 8:04 下午,,,26/三月/26 12:00 上午,0,,,,Wenbo Quan,,,712020:9ce54b7b-7d3f-4e7c-bc5c-ed98cb7903b2,,,,,,,,,,,,,,,,,,,,,,,com.atlassian.servicedesk.plugins.approvals.internal.customfield.ApprovalsCFValue@4069ec21,,,,,,,,,,,,,,,,,,,,,,,,,,,,,,,,,0|i034hu:zy,,,,,,,,,,,,,,,,,,,,09/三月/26 12:00 上午,,,,,,,,,,,,,,,,,,,,,,,,,,,,,,,,,,,,,,,,,,,,,,,,,,,,,,,,,,,,,,,,,,,,,,,,,,,,,,,,,,,,,,,,,,,,,,,,,36607,DC320-17,结构设计 Structural design,待办,15/十月/25 7:02 上午
Remote Dispaly 小批量试产,DC320-89,42732,子任务,CREATED已创建,DC320,AcuDC-320,business,Yanwen Wang,712020:8b826984-d86c-4a33-a641-251511cda1da,,Medium,,,,Wenbo Quan,712020:9ce54b7b-7d3f-4e7c-bc5c-ed98cb7903b2,Wenbo Quan,712020:9ce54b7b-7d3f-4e7c-bc5c-ed98cb7903b2,15/十月/25 7:03 上午,16/十一月/25 8:08 下午,,,,0,,,,Wenbo Quan,,,712020:9ce54b7b-7d3f-4e7c-bc5c-ed98cb7903b2,,,,,,,,,,,,,,,,,,,,,,,com.atlassian.servicedesk.plugins.approvals.internal.customfield.ApprovalsCFValue@15742aee,,,,,,,,,,,,,,,,,,,,,,,,,,,,,,,,,0|i034hv:,,,,,,,,,,,,,,,,,,,,,,,,,,,,,,,,,,,,,,,,,,,,,,,,,,,,,,,,,,,,,,,,,,,,,,,,,,,,,,,,,,,,,,,,,,,,,,,,,,,,,,,,,,,,,,,,,,,,,36607,DC320-17,结构设计 Structural design,待办,15/十月/25 7:03 上午
Remote Display需求分析,DC320-90,42992,子任务,CLOSED已关闭,DC320,AcuDC-320,business,Yanwen Wang,712020:8b826984-d86c-4a33-a641-251511cda1da,,Medium,完成,Yan Li,712020:9b0c3ba0-c41e-41b1-8cdb-da7c2fe260df,Yan Li,712020:9b0c3ba0-c41e-41b1-8cdb-da7c2fe260df,Yan Li,712020:9b0c3ba0-c41e-41b1-8cdb-da7c2fe260df,19/十月/25 10:52 下午,20/十月/25 8:59 下午,,20/十月/25 8:59 下午,17/十月/25 12:00 上午,0,,,,Yan Li,,,712020:9b0c3ba0-c41e-41b1-8cdb-da7c2fe260df,,,,,,,,,,,,,,,,,,,,,,,com.atlassian.servicedesk.plugins.approvals.internal.customfield.ApprovalsCFValue@4006873,,,,,,,,,,,,,,,,,,,,,,,,,,,,,,,,,0|i03w6h:,,,,,,,,,,,,,,,,,,,,04/十月/25 12:00 上午,,,,,,,,,,,,,,,,,,,,,,,,11679_*:*_1_*:*_79617393_*|*_11681_*:*_1_*:*_0,,,,,,,,,,,,,,,,,,,,,,,,,,,,,,,,,,,,,,,,,,,,,,,,,,,,,,,,,,,,,,,,,,,,,,,,,36585,DC320-1,硬件设计 Hardware design,完成,20/十月/25 8:59 下午
Remote Display 原理图设计,DC320-91,42993,子任务,CLOSED已关闭,DC320,AcuDC-320,business,Yanwen Wang,712020:8b826984-d86c-4a33-a641-251511cda1da,,Medium,完成,Yan Li,712020:9b0c3ba0-c41e-41b1-8cdb-da7c2fe260df,Yan Li,712020:9b0c3ba0-c41e-41b1-8cdb-da7c2fe260df,Yan Li,712020:9b0c3ba0-c41e-41b1-8cdb-da7c2fe260df,19/十月/25 10:53 下午,20/十月/25 9:00 下午,,20/十月/25 9:00 下午,17/十月/25 12:00 上午,0,,,,Yan Li,,,712020:9b0c3ba0-c41e-41b1-8cdb-da7c2fe260df,,,,,,,,,,,,,,,,,,,,,,,com.atlassian.servicedesk.plugins.approvals.internal.customfield.ApprovalsCFValue@17d6443b,,,,,,,,,,,,,,,,,,,,,,,,,,,,,,,,,0|i03w6p:,,,,,,,,,,,,,,,,,,,,13/十月/25 12:00 上午,,,,,,,,,,,,,,,,,,,,,,,,11679_*:*_1_*:*_79609583_*|*_11681_*:*_1_*:*_0,,,,,,,,,,,,,,,,,,,,,,,,,,,,,,,,,,,,,,,,,,,,,,,,,,,,,,,,,,,,,,,,,,,,,,,,,36585,DC320-1,硬件设计 Hardware design,完成,20/十月/25 9:00 下午
Remote Display 原理图Review与后续原理图优化,DC320-92,42995,子任务,CLOSED已关闭,DC320,AcuDC-320,business,Yanwen Wang,712020:8b826984-d86c-4a33-a641-251511cda1da,,Medium,完成,Yan Li,712020:9b0c3ba0-c41e-41b1-8cdb-da7c2fe260df,Yan Li,712020:9b0c3ba0-c41e-41b1-8cdb-da7c2fe260df,Yan Li,712020:9b0c3ba0-c41e-41b1-8cdb-da7c2fe260df,19/十月/25 10:55 下午,27/十月/25 9:06 下午,,27/十月/25 9:06 下午,22/十月/25 12:00 上午,0,,,,Yan Li,,,712020:9b0c3ba0-c41e-41b1-8cdb-da7c2fe260df,,,,,,,,,,,,,,,,,,,,,,,com.atlassian.servicedesk.plugins.approvals.internal.customfield.ApprovalsCFValue@eeb646d,,,,,,,,,,,,,,,,,,,,,,,,,,,,,,,,,0|i03w75:,,,,,,,,,,,,,,,,,,,,20/十月/25 12:00 上午,,,,,,,,,,,,,,,,,,,,,,,,11679_*:*_1_*:*_250730430_*|*_11680_*:*_1_*:*_0,,,,,,,,,,,,,,,,,,,,,,,,,,,,,,,,,,,,,,,,,,,,,,,,,,,,,,,,,,,,,,,,,,,,22/十月/25 8:35 下午;712020:9b0c3ba0-c41e-41b1-8cdb-da7c2fe260df;1.分立模块是否要铅封开关，需要崔总和王总沟通后添加,27/十月/25 9:06 下午;712020:9b0c3ba0-c41e-41b1-8cdb-da7c2fe260df;1.已明确需求，去除铅封开关与脉冲灯，原理图修改与检查完毕,,,,36585,DC320-1,硬件设计 Hardware design,完成,27/十月/25 9:06 下午
Remote Display BOM物料清单生成,DC320-93,42996,子任务,CLOSED已关闭,DC320,AcuDC-320,business,Yanwen Wang,712020:8b826984-d86c-4a33-a641-251511cda1da,,Medium,完成,Yan Li,712020:9b0c3ba0-c41e-41b1-8cdb-da7c2fe260df,Yan Li,712020:9b0c3ba0-c41e-41b1-8cdb-da7c2fe260df,Yan Li,712020:9b0c3ba0-c41e-41b1-8cdb-da7c2fe260df,19/十月/25 10:55 下午,23/十月/25 5:49 上午,,23/十月/25 5:49 上午,23/十月/25 12:00 上午,0,,,,Yan Li,,,712020:9b0c3ba0-c41e-41b1-8cdb-da7c2fe260df,,,,,,,,,,,,,,,,,,,,,,,com.atlassian.servicedesk.plugins.approvals.internal.customfield.ApprovalsCFValue@56d8e7aa,,,,,,,,,,,,,,,,,,,,,,,,,,,,,,,,,0|i03w7d:,,,,,,,,,,,,,,,,,,,,22/十月/25 12:00 上午,,,,,,,,,,,,,,,,,,,,,,,,11679_*:*_1_*:*_283966060_*|*_11680_*:*_1_*:*_0,,,,,,,,,,,,,,,,,,,,,,,,,,,,,,,,,,,,,,,,,,,,,,,,,,,,,,,,,,,,,,,,,,,,23/十月/25 5:49 上午;712020:9b0c3ba0-c41e-41b1-8cdb-da7c2fe260df;1.铅封开关是否添加还未确定，缺少此颗物料，其余物料已准备。,,,,,36585,DC320-1,硬件设计 Hardware design,完成,23/十月/25 5:49 上午
Remote Display 研发元器件样品采购,DC320-94,42997,子任务,CLOSED已关闭,DC320,AcuDC-320,business,Yanwen Wang,712020:8b826984-d86c-4a33-a641-251511cda1da,,Medium,完成,Yan Li,712020:9b0c3ba0-c41e-41b1-8cdb-da7c2fe260df,Yan Li,712020:9b0c3ba0-c41e-41b1-8cdb-da7c2fe260df,Yan Li,712020:9b0c3ba0-c41e-41b1-8cdb-da7c2fe260df,19/十月/25 10:55 下午,26/十月/25 10:54 下午,,26/十月/25 10:54 下午,24/十月/25 12:00 上午,0,,,,Yan Li,,,712020:9b0c3ba0-c41e-41b1-8cdb-da7c2fe260df,,,,,,,,,,,,,,,,,,,,,,,com.atlassian.servicedesk.plugins.approvals.internal.customfield.ApprovalsCFValue@6e5fb349,,,,,,,,,,,,,,,,,,,,,,,,,,,,,,,,,0|i03w7l:,,,,,,,,,,,,,,,,,,,,23/十月/25 12:00 上午,,,,,,,,,,,,,,,,,,,,,,,,11679_*:*_1_*:*_604695066_*|*_11681_*:*_1_*:*_0,,,,,,,,,,,,,,,,,,,,,,,,,,,,,,,,,,,,,,,,,,,,,,,,,,,,,,,,,,,,,,,,,,,,26/十月/25 10:54 下午;712020:9b0c3ba0-c41e-41b1-8cdb-da7c2fe260df;1.采购单已提交,,,,,36585,DC320-1,硬件设计 Hardware design,完成,26/十月/25 10:54 下午
Remote Display PCB Layout,DC320-95,42998,子任务,CLOSED已关闭,DC320,AcuDC-320,business,Yanwen Wang,712020:8b826984-d86c-4a33-a641-251511cda1da,,Medium,完成,Yan Li,712020:9b0c3ba0-c41e-41b1-8cdb-da7c2fe260df,Yan Li,712020:9b0c3ba0-c41e-41b1-8cdb-da7c2fe260df,Yan Li,712020:9b0c3ba0-c41e-41b1-8cdb-da7c2fe260df,19/十月/25 10:56 下午,24/十一月/25 12:21 上午,,03/十一月/25 7:35 下午,04/十一月/25 12:00 上午,0,,,,Yan Li,,,712020:9b0c3ba0-c41e-41b1-8cdb-da7c2fe260df,,,,,,,,,,,,,,,,,,,,,,,com.atlassian.servicedesk.plugins.approvals.internal.customfield.ApprovalsCFValue@5e08e59e,,,,,,,,,,,,,,,,,,,,,,,,,,,,,,,,,0|i03w7t:,,,,,,,,,,,,,,,,,,,,24/十月/25 12:00 上午,,,,,,,,,,,,,,,,,,,,,,,,11679_*:*_1_*:*_886426720_*|*_11680_*:*_1_*:*_0,,,,,,,,,,,,,,,,,,,,,,,,,,,,,,,,,,,,,,,,,,,,,,,,,,,,,,,,,,,,,,,,,,,,,,,,,36585,DC320-1,硬件设计 Hardware design,完成,03/十一月/25 7:35 下午
Remote Display PCB Layout Review以及后续修改,DC320-96,42999,子任务,CLOSED已关闭,DC320,AcuDC-320,business,Yanwen Wang,712020:8b826984-d86c-4a33-a641-251511cda1da,,Medium,完成,Yan Li,712020:9b0c3ba0-c41e-41b1-8cdb-da7c2fe260df,Yan Li,712020:9b0c3ba0-c41e-41b1-8cdb-da7c2fe260df,Yan Li,712020:9b0c3ba0-c41e-41b1-8cdb-da7c2fe260df,19/十月/25 10:56 下午,03/十一月/25 7:35 下午,,03/十一月/25 7:35 下午,03/十一月/25 12:00 上午,0,,,,Yan Li,,,712020:9b0c3ba0-c41e-41b1-8cdb-da7c2fe260df,,,,,,,,,,,,,,,,,,,,,,,com.atlassian.servicedesk.plugins.approvals.internal.customfield.ApprovalsCFValue@1c78927e,,,,,,,,,,,,,,,,,,,,,,,,,,,,,,,,,0|i03w81:,,,,,,,,,,,,,,,,,,,,30/十月/25 12:00 上午,,,,,,,,,,,,,,,,,,,,,,,,11679_*:*_1_*:*_886433641_*|*_11680_*:*_1_*:*_0,,,,,,,,,,,,,,,,,,,,,,,,,,,,,,,,,,,,,,,,,,,,,,,,,,,,,,,,,,,,,,,,,,,,,,,,,36585,DC320-1,硬件设计 Hardware design,完成,03/十一月/25 7:35 下午
Remote Display PCB 投板,DC320-97,43000,子任务,CLOSED已关闭,DC320,AcuDC-320,business,Yanwen Wang,712020:8b826984-d86c-4a33-a641-251511cda1da,,Medium,完成,Yan Li,712020:9b0c3ba0-c41e-41b1-8cdb-da7c2fe260df,Yan Li,712020:9b0c3ba0-c41e-41b1-8cdb-da7c2fe260df,Yan Li,712020:9b0c3ba0-c41e-41b1-8cdb-da7c2fe260df,19/十月/25 10:56 下午,04/十一月/25 5:03 上午,,04/十一月/25 5:03 上午,03/十一月/25 12:00 上午,0,,,,Yan Li,,,712020:9b0c3ba0-c41e-41b1-8cdb-da7c2fe260df,,,,,,,,,,,,,,,,,,,,,,,com.atlassian.servicedesk.plugins.approvals.internal.customfield.ApprovalsCFValue@540d865e,,,,,,,,,,,,,,,,,,,,,,,,,,,,,,,,,0|i03w89:,,,,,,,,,,,,,,,,,,,,03/十一月/25 12:00 上午,,,,,,,,,,,,,,,,,,,,,,,,11679_*:*_1_*:*_978359560_*|*_11680_*:*_1_*:*_0,,,,,,,,,,,,,,,,,,,,,,,,,,,,,,,,,,,,,,,,,,,,,,,,,,,,,,,,,,,,,,,,,,,,03/十一月/25 7:35 下午;712020:9b0c3ba0-c41e-41b1-8cdb-da7c2fe260df;1.今日完成投板,,,,,36585,DC320-1,硬件设计 Hardware design,完成,04/十一月/25 5:03 上午
Remote Display PCB 制板,DC320-98,43001,子任务,CLOSED已关闭,DC320,AcuDC-320,business,Yanwen Wang,712020:8b826984-d86c-4a33-a641-251511cda1da,,Medium,完成,Yan Li,712020:9b0c3ba0-c41e-41b1-8cdb-da7c2fe260df,Yan Li,712020:9b0c3ba0-c41e-41b1-8cdb-da7c2fe260df,Yan Li,712020:9b0c3ba0-c41e-41b1-8cdb-da7c2fe260df,19/十月/25 10:56 下午,13/十一月/25 7:54 下午,,13/十一月/25 7:54 下午,11/十一月/25 12:00 上午,0,,,,Yan Li,,,712020:9b0c3ba0-c41e-41b1-8cdb-da7c2fe260df,,,,,,,,,,,,,,,,,,,,,,,com.atlassian.servicedesk.plugins.approvals.internal.customfield.ApprovalsCFValue@5a430e29,,,,,,,,,,,,,,,,,,,,,,,,,,,,,,,,,0|i03w8h:,,,,,,,,,,,,,,,,,,,,04/十一月/25 12:00 上午,,,,,,,,,,,,,,,,,,,,,,,,11679_*:*_1_*:*_2152641944_*|*_11681_*:*_1_*:*_0,,,,,,,,,,,,,,,,,,,,,,,,,,,,,,,,,,,,,,,,,,,,,,,,,,,,,,,,,,,,,,,,,,,,,,,,,36585,DC320-1,硬件设计 Hardware design,完成,13/十一月/25 7:54 下午
Remote Display PCBA生产,DC320-99,43002,子任务,CLOSED已关闭,DC320,AcuDC-320,business,Yanwen Wang,712020:8b826984-d86c-4a33-a641-251511cda1da,,Medium,完成,,,Yan Li,712020:9b0c3ba0-c41e-41b1-8cdb-da7c2fe260df,Yan Li,712020:9b0c3ba0-c41e-41b1-8cdb-da7c2fe260df,19/十月/25 10:57 下午,24/十一月/25 7:37 下午,,24/十一月/25 7:37 下午,17/十一月/25 12:00 上午,0,,,,Yan Li,,,712020:9b0c3ba0-c41e-41b1-8cdb-da7c2fe260df,,,,,,,,,,,,,,,,,,,,,,,com.atlassian.servicedesk.plugins.approvals.internal.customfield.ApprovalsCFValue@76209da1,,,,,,,,,,,,,,,,,,,,,,,,,,,,,,,,,0|i03w8p:,,,,,,,,,,,,,,,,,,,,11/十一月/25 12:00 上午,,,,,,,,,,,,,,,,,,,,,,,,11679_*:*_1_*:*_3102044764_*|*_11681_*:*_1_*:*_0,,,,,,,,,,,,,,,,,,,,,,,,,,,,,,,,,,,,,,,,,,,,,,,,,,,,,,,,,,,,,,,,,,,,,,,,,36585,DC320-1,硬件设计 Hardware design,完成,24/十一月/25 7:37 下午
主控工程移植： - 移植AcuDC-301工程（App）并更新部分app功能。,DC320-102,43513,子任务,CLOSED已关闭,DC320,AcuDC-320,business,Yanwen Wang,712020:8b826984-d86c-4a33-a641-251511cda1da,,Medium,完成,Peigong Wang,712020:70605205-f69c-4bea-8d5c-594fd3cbe04e,Peigong Wang,712020:70605205-f69c-4bea-8d5c-594fd3cbe04e,Peigong Wang,712020:70605205-f69c-4bea-8d5c-594fd3cbe04e,28/十月/25 3:56 上午,31/十月/25 2:52 上午,,28/十月/25 4:01 上午,31/十月/25 12:00 上午,0,,,,Peigong Wang,,,712020:70605205-f69c-4bea-8d5c-594fd3cbe04e,,,,,,,,,,,,,,,,,,,,,,,com.atlassian.servicedesk.plugins.approvals.internal.customfield.ApprovalsCFValue@53d93cbf,,,,,,,,,,,,,,,,,,,,,,,,,,,,,,,,,0|i03y5d:,,,,,,,,,,,,,,,,,,,,27/十月/25 12:00 上午,,,,,,,,,,,,,,,,,,,,,,,,11679_*:*_1_*:*_271781_*|*_11681_*:*_1_*:*_0,,,,,,,,,,,,,,,,,,,,,,,,,,,,,,,,,,,,,,,,,,,,,,,,,,,,,,,,,,,,,,,,,,,,,,,,,36676,DC320-24,MCU,完成,28/十月/25 4:01 上午
主控驱动修改：  - 基于修改后工程，根据电路图中资源更新*.ioc,DC320-103,43515,子任务,CLOSED已关闭,DC320,AcuDC-320,business,Yanwen Wang,712020:8b826984-d86c-4a33-a641-251511cda1da,,Medium,完成,Peigong Wang,712020:70605205-f69c-4bea-8d5c-594fd3cbe04e,Peigong Wang,712020:70605205-f69c-4bea-8d5c-594fd3cbe04e,Peigong Wang,712020:70605205-f69c-4bea-8d5c-594fd3cbe04e,28/十月/25 3:57 上午,31/十月/25 2:52 上午,,28/十月/25 4:02 上午,31/十月/25 12:00 上午,0,,,,Peigong Wang,,,712020:70605205-f69c-4bea-8d5c-594fd3cbe04e,,,,,,,,,,,,,,,,,,,,,,,com.atlassian.servicedesk.plugins.approvals.internal.customfield.ApprovalsCFValue@2ba6bb71,,,,,,,,,,,,,,,,,,,,,,,,,,,,,,,,,0|i03y5l:,,,,,,,,,,,,,,,,,,,,28/十月/25 12:00 上午,,,,,,,,,,,,,,,,,,,,,,,,11679_*:*_1_*:*_284275_*|*_11681_*:*_1_*:*_0,,,,,,,,,,,,,,,,,,,,,,,,,,,,,,,,,,,,,,,,,,,,,,,,,,,,,,,,,,,,,,,,,,,,,,,,,36676,DC320-24,MCU,完成,28/十月/25 4:02 上午
"主控驱动层代码开发  - 新增UART,I2C.",DC320-104,43517,子任务,CLOSED已关闭,DC320,AcuDC-320,business,Yanwen Wang,712020:8b826984-d86c-4a33-a641-251511cda1da,,Medium,完成,Peigong Wang,712020:70605205-f69c-4bea-8d5c-594fd3cbe04e,Peigong Wang,712020:70605205-f69c-4bea-8d5c-594fd3cbe04e,Peigong Wang,712020:70605205-f69c-4bea-8d5c-594fd3cbe04e,28/十月/25 3:57 上午,31/十月/25 2:52 上午,,31/十月/25 2:46 上午,31/十月/25 12:00 上午,0,,,,Peigong Wang,,,712020:70605205-f69c-4bea-8d5c-594fd3cbe04e,,,,,,,,,,,,,,,,,,,,,,,com.atlassian.servicedesk.plugins.approvals.internal.customfield.ApprovalsCFValue@45b67e8e,,,,,,,,,,,,,,,,,,,,,,,,,,,,,,,,,0|i03y5t:,,,,,,,,,,,,,,,,,,,,29/十月/25 12:00 上午,,,,,,,,,,,,,,,,,,,,,,,,11679_*:*_1_*:*_254939692_*|*_11681_*:*_1_*:*_0,,,,,,,,,,,,,,,,,,,,,,,,,,,,,,,,,,,,,,,,,,,,,,,,,,,,,,,,,,,,,,,,,,,,,,,,,36676,DC320-24,MCU,完成,31/十月/25 2:46 上午
主控应用层代码修改测试  - 电压，电流采样,DC320-105,43519,子任务,CLOSED已关闭,DC320,AcuDC-320,business,Yanwen Wang,712020:8b826984-d86c-4a33-a641-251511cda1da,,Medium,完成,Peigong Wang,712020:70605205-f69c-4bea-8d5c-594fd3cbe04e,Peigong Wang,712020:70605205-f69c-4bea-8d5c-594fd3cbe04e,Peigong Wang,712020:70605205-f69c-4bea-8d5c-594fd3cbe04e,28/十月/25 3:57 上午,31/十月/25 2:52 上午,,31/十月/25 2:46 上午,31/十月/25 12:00 上午,0,,,,Peigong Wang,,,712020:70605205-f69c-4bea-8d5c-594fd3cbe04e,,,,,,,,,,,,,,,,,,,,,,,com.atlassian.servicedesk.plugins.approvals.internal.customfield.ApprovalsCFValue@4f53e622,,,,,,,,,,,,,,,,,,,,,,,,,,,,,,,,,0|i03y61:,,,,,,,,,,,,,,,,,,,,30/十月/25 12:00 上午,,,,,,,,,,,,,,,,,,,,,,,,11679_*:*_1_*:*_254933913_*|*_11681_*:*_1_*:*_0,,,,,,,,,,,,,,,,,,,,,,,,,,,,,,,,,,,,,,,,,,,,,,,,,,,,,,,,,,,,,,,,,,,,,,,,,36676,DC320-24,MCU,完成,31/十月/25 2:46 上午
主控应用层代码开发测试  - Remote Dispay Modbus 通讯,DC320-106,43521,子任务,CLOSED已关闭,DC320,AcuDC-320,business,Yanwen Wang,712020:8b826984-d86c-4a33-a641-251511cda1da,,Medium,完成,Peigong Wang,712020:70605205-f69c-4bea-8d5c-594fd3cbe04e,Peigong Wang,712020:70605205-f69c-4bea-8d5c-594fd3cbe04e,Peigong Wang,712020:70605205-f69c-4bea-8d5c-594fd3cbe04e,28/十月/25 3:57 上午,04/十一月/25 7:25 下午,,04/十一月/25 7:25 下午,04/十一月/25 12:00 上午,0,,,,Peigong Wang,,,712020:70605205-f69c-4bea-8d5c-594fd3cbe04e,,,,,,,,,,,,,,,,,,,,,,,com.atlassian.servicedesk.plugins.approvals.internal.customfield.ApprovalsCFValue@60a33cf0,,,,,,,,,,,,,,,,,,,,,,,,,,,,,,,,,0|i03y69:,,,,,,,,,,,,,,,,,,,,30/十月/25 12:00 上午,,,,,,,,,,,,,,,,,,,,,,,,11679_*:*_1_*:*_255374500_*|*_11680_*:*_1_*:*_0,,,,,,,,,,,,,,,,,,,,,,,,,,,,,,,,,,,,,,,,,,,,,,,,,,,,,,,,,,,,,,,,,,,,,,,,,36676,DC320-24,MCU,完成,04/十一月/25 7:25 下午
主控应用层代码测试  - 数据完整性,DC320-107,43523,子任务,CLOSED已关闭,DC320,AcuDC-320,business,Yanwen Wang,712020:8b826984-d86c-4a33-a641-251511cda1da,,Medium,完成,Peigong Wang,712020:70605205-f69c-4bea-8d5c-594fd3cbe04e,Peigong Wang,712020:70605205-f69c-4bea-8d5c-594fd3cbe04e,Peigong Wang,712020:70605205-f69c-4bea-8d5c-594fd3cbe04e,28/十月/25 3:58 上午,07/十二月/25 7:55 下午,,07/十二月/25 7:55 下午,05/十二月/25 12:00 上午,0,,,,Peigong Wang,,,712020:70605205-f69c-4bea-8d5c-594fd3cbe04e,,,,,,,,,,,,,,,,,,,,,,,com.atlassian.servicedesk.plugins.approvals.internal.customfield.ApprovalsCFValue@7a1eb4ac,,,,,,,,,,,,,,,,,,,,,,,,,,,,,,,,,0|i03y6h:,,,,,,,,,,,,,,,,,,,,01/十二月/25 12:00 上午,,,,,,,,,,,,,,,,,,,,,,,,11679_*:*_1_*:*_516206466_*|*_11680_*:*_1_*:*_0,,,,,,,,,,,,,,,,,,,,,,,,,,,,,,,,,,,,,,,,,,,,,,,,,,,,,,,,,,,,,,,,,,,,13/十一月/25 3:29 上午;712020:70605205-f69c-4bea-8d5c-594fd3cbe04e;因回版延迟，更新开始和截止日期。,"25/十一月/25 1:00 上午;712020:70605205-f69c-4bea-8d5c-594fd3cbe04e;因AcuDC-262 高优先级工作，更新开始和截止时间。

因需要给硬件测试准备初始版本，调整DC-107 和 DC-108工作顺序。",,,,36676,DC320-24,MCU,完成,07/十二月/25 7:55 下午
集成测试  - 主控 + Remote Display,DC320-108,43525,子任务,CLOSED已关闭,DC320,AcuDC-320,business,Yanwen Wang,712020:8b826984-d86c-4a33-a641-251511cda1da,,Medium,完成,Peigong Wang,712020:70605205-f69c-4bea-8d5c-594fd3cbe04e,Peigong Wang,712020:70605205-f69c-4bea-8d5c-594fd3cbe04e,Peigong Wang,712020:70605205-f69c-4bea-8d5c-594fd3cbe04e,28/十月/25 3:58 上午,28/十一月/25 1:24 上午,,28/十一月/25 1:24 上午,28/十一月/25 12:00 上午,0,,,,Peigong Wang,,,712020:70605205-f69c-4bea-8d5c-594fd3cbe04e,,,,,,,,,,,,,,,,,,,,,,,com.atlassian.servicedesk.plugins.approvals.internal.customfield.ApprovalsCFValue@7f1ebe38,,,,,,,,,,,,,,,,,,,,,,,,,,,,,,,,,0|i03y6p:,,,,,,,,,,,,,,,,,,,,25/十一月/25 12:00 上午,,,,,,,,,,,,,,,,,,,,,,,,11679_*:*_1_*:*_2412021234_*|*_11680_*:*_1_*:*_0,,,,,,,,,,,,,,,,,,,,,,,,,,,,,,,,,,,,,,,,,,,,,,,,,,,,,,,,,,,,,,,,,,,,13/十一月/25 3:31 上午;712020:70605205-f69c-4bea-8d5c-594fd3cbe04e;因回版延迟，更新开始和截止时间。,25/十一月/25 12:57 上午;712020:70605205-f69c-4bea-8d5c-594fd3cbe04e;因AcuDC-262 高优先级工作，更新开始和截止时间。,,,,36676,DC320-24,MCU,完成,28/十一月/25 1:24 上午
pcb layout 评审,DC320-109,44269,任务,CLOSED已关闭,DC320,AcuDC-320,business,Yanwen Wang,712020:8b826984-d86c-4a33-a641-251511cda1da,,Medium,完成,Feng Yan,712020:1d3d4fa8-c7de-4b15-895f-81520a20fcfb,Feng Yan,712020:1d3d4fa8-c7de-4b15-895f-81520a20fcfb,Feng Yan,712020:1d3d4fa8-c7de-4b15-895f-81520a20fcfb,03/十一月/25 5:18 上午,03/十一月/25 7:38 下午,,03/十一月/25 7:38 下午,03/十一月/25 12:00 上午,0,,,,Feng Yan,,,712020:1d3d4fa8-c7de-4b15-895f-81520a20fcfb,,,pcb layout 评审;03/十一月/25 5:18 上午;b153bdfa-e3d2-48c8-b6f9-7a9c05ba6443;3600,,3600,0,3600,100%,3600,0,3600,,,,,,,,,,,,com.atlassian.servicedesk.plugins.approvals.internal.customfield.ApprovalsCFValue@2bea6daf,,,,,,,,,,,,,,,,,,,,,,,,,,,,,,,,,0|i0406x:,,,,,,,,,,,,,,,,,,,,03/十一月/25 12:00 上午,,,,,,,,,,,,,,,,,,,,,,,,11679_*:*_1_*:*_51592933_*|*_11681_*:*_1_*:*_0,,,,,,,,,,,,,,,,,,,,,,,,,,,,,,,,,,,,,,,,,,,,,,,,,,,,,,,,,,,,,,,,,,,,,,,,,,,,完成,03/十一月/25 7:38 下午
信号完整性测试文件与EMC测试文件编写,DC320-110,44526,任务,CLOSED已关闭,DC320,AcuDC-320,business,Yanwen Wang,712020:8b826984-d86c-4a33-a641-251511cda1da,,Medium,完成,,,Feng Yan,712020:1d3d4fa8-c7de-4b15-895f-81520a20fcfb,Feng Yan,712020:1d3d4fa8-c7de-4b15-895f-81520a20fcfb,04/十一月/25 5:08 上午,24/十一月/25 12:32 上午,,24/十一月/25 12:32 上午,07/十一月/25 12:00 上午,0,,,信号完整性测试文件与EMC测试文件编写,Feng Yan,,,712020:1d3d4fa8-c7de-4b15-895f-81520a20fcfb,,,;04/十一月/25 5:09 上午;b153bdfa-e3d2-48c8-b6f9-7a9c05ba6443;14400,,,0,14400,,,0,14400,,,,,,,,,,,,com.atlassian.servicedesk.plugins.approvals.internal.customfield.ApprovalsCFValue@41f3db6b,,,,,,,,,,,,,,,,,,,,,,,,,,,,,,,,,0|i04121:,,,,,,,,,,,,,,,,,,,,,,,,,,,,,,,,,,,,,,,,,,,,11679_*:*_1_*:*_1711406831_*|*_11681_*:*_1_*:*_0,,,,,,,,,,,,,,,,,,,,,,,,,,,,,,,,,,,,,,,,,,,,,,,,,,,,,,,,,,,,,,,,,,,,,,,,,,,,完成,24/十一月/25 12:32 上午
信号完整性测试文件与EMC测试文件编写,DC320-111,44698,任务,CLOSED已关闭,DC320,AcuDC-320,business,Yanwen Wang,712020:8b826984-d86c-4a33-a641-251511cda1da,,Medium,完成,Feng Yan,712020:1d3d4fa8-c7de-4b15-895f-81520a20fcfb,Feng Yan,712020:1d3d4fa8-c7de-4b15-895f-81520a20fcfb,Feng Yan,712020:1d3d4fa8-c7de-4b15-895f-81520a20fcfb,05/十一月/25 5:17 上午,24/十一月/25 12:32 上午,,24/十一月/25 12:32 上午,,0,,,信号完整性测试文件与EMC测试文件编写,Feng Yan,,,712020:1d3d4fa8-c7de-4b15-895f-81520a20fcfb,,,;05/十一月/25 5:18 上午;b153bdfa-e3d2-48c8-b6f9-7a9c05ba6443;14400,,,0,14400,,,0,14400,,,,,,,,,,,,com.atlassian.servicedesk.plugins.approvals.internal.customfield.ApprovalsCFValue@5100e99d,,,,,,,,,,,,,,,,,,,,,,,,,,,,,,,,,0|i041n5:,,,,,,,,,,,,,,,,,,,,,,,,,,,,,,,,,,,,,,,,,,,,11679_*:*_1_*:*_1624479721_*|*_11681_*:*_1_*:*_0,,,,,,,,,,,,,,,,,,,,,,,,,,,,,,,,,,,,,,,,,,,,,,,,,,,,,,,,,,,,,,,,,,,,,,,,,,,,完成,24/十一月/25 12:32 上午
结构变更对布线、UL的影响评估,DC320-112,44853,任务,CLOSED已关闭,DC320,AcuDC-320,business,Yanwen Wang,712020:8b826984-d86c-4a33-a641-251511cda1da,,Medium,完成,Feng Yan,712020:1d3d4fa8-c7de-4b15-895f-81520a20fcfb,Feng Yan,712020:1d3d4fa8-c7de-4b15-895f-81520a20fcfb,Feng Yan,712020:1d3d4fa8-c7de-4b15-895f-81520a20fcfb,06/十一月/25 4:54 上午,10/十一月/25 1:08 上午,,10/十一月/25 1:08 上午,07/十一月/25 12:00 上午,0,,结构变更对布线、UL的影响评估,,Feng Yan,,,712020:1d3d4fa8-c7de-4b15-895f-81520a20fcfb,,,;06/十一月/25 4:54 上午;b153bdfa-e3d2-48c8-b6f9-7a9c05ba6443;14400,;06/十一月/25 4:56 上午;b153bdfa-e3d2-48c8-b6f9-7a9c05ba6443;14400,,0,28800,,,0,28800,,,,,,,,,,,,com.atlassian.servicedesk.plugins.approvals.internal.customfield.ApprovalsCFValue@15116b45,,,,,,,,,,,,,,,,,,,,,,,,,,,,,,,,,0|i041zl:,,,,,,,,,,,,,,,,,,,,06/十一月/25 12:00 上午,,,,,,,,,,,,,,,,,,,,,,,,11679_*:*_1_*:*_332060093_*|*_11681_*:*_1_*:*_0,,,,,,,,,,,,,,,,,,,,,,,,,,,,,,,,,,,,,,,,,,,,,,,,,,,,,,,,,,,,,,,,,,,,,,,,,,,,完成,10/十一月/25 1:08 上午
FCT ICT测试工装,DC320-113,45406,任务,CREATED已创建,DC320,AcuDC-320,business,Yanwen Wang,712020:8b826984-d86c-4a33-a641-251511cda1da,,Medium,,Yungang Yang,712020:289e4776-e029-4821-bebc-ed6c96b9fca7,Yanwen Wang,712020:8b826984-d86c-4a33-a641-251511cda1da,Yanwen Wang,712020:8b826984-d86c-4a33-a641-251511cda1da,12/十一月/25 10:37 下午,12/十一月/25 10:37 下午,,,,0,,,,Yanwen Wang,,,712020:8b826984-d86c-4a33-a641-251511cda1da,,,,,,,,,,,,,,,,,,,,,,,com.atlassian.servicedesk.plugins.approvals.internal.customfield.ApprovalsCFValue@2f277fa1,,,,,,,,,,,,,,,,,,,,,,,,,,,,,,,,,0|i0442j:,,,,,,,,,,,,,,,,,,,,,,,,,,,,,,,,,,,,,,,,,,,,,,,,,,,,,,,,,,,,,,,,,,,,,,,,,,,,,,,,,,,,,,,,,,,,,,,,,,,,,,,,,,,,,,,,,,,,,,,,待办,12/十一月/25 10:37 下午
厂商技术支持，试用并验收ICT/FCT测试工装。,DC320-118,45433,子任务,CREATED已创建,DC320,AcuDC-320,business,Yanwen Wang,712020:8b826984-d86c-4a33-a641-251511cda1da,,Medium,,,,Yungang Yang,712020:289e4776-e029-4821-bebc-ed6c96b9fca7,Yungang Yang,712020:289e4776-e029-4821-bebc-ed6c96b9fca7,13/十一月/25 5:02 上午,13/十一月/25 5:11 上午,,,,0,,,,Yungang Yang,,,712020:289e4776-e029-4821-bebc-ed6c96b9fca7,,,,,,,,,,,,,,,,,,,,,,,com.atlassian.servicedesk.plugins.approvals.internal.customfield.ApprovalsCFValue@1805582a,,,,,,,,,,,,,,,,,,,,,,,,,,,,,,,,,0|i0442j:i,,,,,,,,,,,,,,,,,,,,,,,,,,,,,,,,,,,,,,,,,,,,,,,,,,,,,,,,,,,,,,,,,,,,,,,,,,,,,,,,,,,,,,,,,,,,,,,,,,,,,,,,,,,,,,,,,,,,,45406,DC320-113,FCT ICT测试工装,待办,13/十一月/25 5:02 上午
提供定版PCBA资料，验证过Boot的样机，空PCB给厂商制作工装,DC320-117,45432,子任务,CREATED已创建,DC320,AcuDC-320,business,Yanwen Wang,712020:8b826984-d86c-4a33-a641-251511cda1da,,Medium,,,,Yungang Yang,712020:289e4776-e029-4821-bebc-ed6c96b9fca7,Yungang Yang,712020:289e4776-e029-4821-bebc-ed6c96b9fca7,13/十一月/25 5:00 上午,13/十一月/25 5:09 上午,,,,0,,,,Yungang Yang,,,712020:289e4776-e029-4821-bebc-ed6c96b9fca7,,,,,,,,,,,,,,,,,,,,,,,com.atlassian.servicedesk.plugins.approvals.internal.customfield.ApprovalsCFValue@7d1aef3a,,,,,,,,,,,,,,,,,,,,,,,,,,,,,,,,,0|i0442k:,,,,,,,,,,,,,,,,,,,,,,,,,,,,,,,,,,,,,,,,,,,,,,,,,,,,,,,,,,,,,,,,,,,,,,,,,,,,,,,,,,,,,,,,,,,,,,,,,,,,,,,,,,,,,,,,,,,,,45406,DC320-113,FCT ICT测试工装,待办,13/十一月/25 5:00 上午
"依据工装技术要求，请采购找供应商提供方案和报价,供应商答疑",DC320-116,45431,子任务,CREATED已创建,DC320,AcuDC-320,business,Yanwen Wang,712020:8b826984-d86c-4a33-a641-251511cda1da,,Medium,,,,Yungang Yang,712020:289e4776-e029-4821-bebc-ed6c96b9fca7,Yungang Yang,712020:289e4776-e029-4821-bebc-ed6c96b9fca7,13/十一月/25 4:56 上午,13/十一月/25 5:07 上午,,,,0,,,,Yungang Yang,,,712020:289e4776-e029-4821-bebc-ed6c96b9fca7,,,,,,,,,,,,,,,,,,,,,,,com.atlassian.servicedesk.plugins.approvals.internal.customfield.ApprovalsCFValue@2463acf0,,,,,,,,,,,,,,,,,,,,,,,,,,,,,,,,,0|i0442l:,,,,,,,,,,,,,,,,,,,,,,,,,,,,,,,,,,,,,,,,,,,,,,,,,,,,,,,,,,,,,,,,,,,,,,,,,,,,,,,,,,,,,,,,,,,,,,,,,,,,,,,,,,,,,,,,,,,,,45406,DC320-113,FCT ICT测试工装,待办,13/十一月/25 4:56 上午
根据硬件组和软件组输出的 板级/整机测试方案（含接线方式，测点，测试项目等内容），编写PCBA的 ICT FCT测试工装技术要求。,DC320-115,45430,子任务,CREATED已创建,DC320,AcuDC-320,business,Yanwen Wang,712020:8b826984-d86c-4a33-a641-251511cda1da,,Medium,,,,Yungang Yang,712020:289e4776-e029-4821-bebc-ed6c96b9fca7,Yungang Yang,712020:289e4776-e029-4821-bebc-ed6c96b9fca7,13/十一月/25 4:55 上午,13/十一月/25 4:55 上午,,,30/十一月/25 12:00 上午,0,,,,Yungang Yang,,,712020:289e4776-e029-4821-bebc-ed6c96b9fca7,,,,,,,,,,,,,,,,,,,,,,,com.atlassian.servicedesk.plugins.approvals.internal.customfield.ApprovalsCFValue@27f0baa6,,,,,,,,,,,,,,,,,,,,,,,,,,,,,,,,,0|i0442n:,,,,,,,,,,,,,,,,,,,,,,,,,,,,,,,,,,,,,,,,,,,,,,,,,,,,,,,,,,,,,,,,,,,,,,,,,,,,,,,,,,,,,,,,,,,,,,,,,,,,,,,,,,,,,,,,,,,,,45406,DC320-113,FCT ICT测试工装,待办,13/十一月/25 4:55 上午
请杨工确认需要哪些资料和信息，提前准备,DC320-114,45407,子任务,CLOSED已关闭,DC320,AcuDC-320,business,Yanwen Wang,712020:8b826984-d86c-4a33-a641-251511cda1da,,Medium,完成,,,Yanwen Wang,712020:8b826984-d86c-4a33-a641-251511cda1da,Yanwen Wang,712020:8b826984-d86c-4a33-a641-251511cda1da,12/十一月/25 10:37 下午,13/十一月/25 5:17 上午,,13/十一月/25 5:17 上午,,0,,,,Yanwen Wang,Yungang Yang,,712020:8b826984-d86c-4a33-a641-251511cda1da,712020:289e4776-e029-4821-bebc-ed6c96b9fca7,,,,,,,,,,,,,,,,,,,,,,com.atlassian.servicedesk.plugins.approvals.internal.customfield.ApprovalsCFValue@4ff25af9,,,,,,,,,,,,,,,,,,,,,,,,,,,,,,,,,0|i0442r:,,,,,,,,,,,,,,,,,,,,,,,,,,,,,,,,,,,,,,,,,,,2025-11-13 10:16:08.268,11679_*:*_1_*:*_23999388_*|*_11681_*:*_1_*:*_0,,,,,,,,,,,,,,,,,,,,,,,,,,,,,,,,,,,,,,,,,,,,,,,,,,,,,,,,,,,,,,,,,,,,13/十一月/25 5:16 上午;712020:289e4776-e029-4821-bebc-ed6c96b9fca7;需要请软件组和硬件组提供板级测试方案（含接线方式，测试项目），软件需提供FCT Boot，硬件需要提供一台样机先参考，等定版后再提供最终版的样机，谢谢！,,,,,45406,DC320-113,FCT ICT测试工装,完成,13/十一月/25 5:17 上午
组内管理工作,DC320-119,47238,任务,CREATED已创建,DC320,AcuDC-320,business,Yanwen Wang,712020:8b826984-d86c-4a33-a641-251511cda1da,,Medium,,Yue Yang,712020:957b55c4-f617-4ca2-8ece-9b50291ed7d7,Yue Yang,712020:957b55c4-f617-4ca2-8ece-9b50291ed7d7,Yue Yang,712020:957b55c4-f617-4ca2-8ece-9b50291ed7d7,04/十二月/25 4:50 上午,04/十二月/25 4:50 上午,,,,0,,,,,,,,,,,,,,,,,0,9000,,,,,,,,,,,,com.atlassian.servicedesk.plugins.approvals.internal.customfield.ApprovalsCFValue@36a51237,,,,,,,,,,,,,,,,,,,,,,,,,,,,,,,,,0|i049nv:,,,,,,,,,,,,,,,,,,,,,,,,,,,,,,,,,,,,,,,,,,,,,,,,,,,,,,,,,,,,,,,,,,,,,,,,,,,,,,,,,,,,,,,,,,,,,,,,,,,,,,,,,,,,,,,,,,,,,,,,待办,04/十二月/25 4:50 上午
整理各项目平台化方案，输出方案文档,DC320-120,47239,子任务,CREATED已创建,DC320,AcuDC-320,business,Yanwen Wang,712020:8b826984-d86c-4a33-a641-251511cda1da,,Medium,,Yue Yang,712020:957b55c4-f617-4ca2-8ece-9b50291ed7d7,Yue Yang,712020:957b55c4-f617-4ca2-8ece-9b50291ed7d7,Yue Yang,712020:957b55c4-f617-4ca2-8ece-9b50291ed7d7,04/十二月/25 4:51 上午,04/十二月/25 4:51 上午,,,,0,,,,,,,,,,;04/十二月/25 4:51 上午;712020:957b55c4-f617-4ca2-8ece-9b50291ed7d7;3600,,,0,3600,,,0,3600,,,,,,,,,,,,com.atlassian.servicedesk.plugins.approvals.internal.customfield.ApprovalsCFValue@7d7db89e,,,,,,,,,,,,,,,,,,,,,,,,,,,,,,,,,0|i049o3:,,,,,,,,,,,,,,,,,,,,,,,,,,,,,,,,,,,,,,,,,,,,,,,,,,,,,,,,,,,,,,,,,,,,,,,,,,,,,,,,,,,,,,,,,,,,,,,,,,,,,,,,,,,,,,,,,,,,,47238,DC320-119,组内管理工作,待办,04/十二月/25 4:51 上午
检查版本提测流程,DC320-121,47310,子任务,CREATED已创建,DC320,AcuDC-320,business,Yanwen Wang,712020:8b826984-d86c-4a33-a641-251511cda1da,,Medium,,Yue Yang,712020:957b55c4-f617-4ca2-8ece-9b50291ed7d7,Yue Yang,712020:957b55c4-f617-4ca2-8ece-9b50291ed7d7,Yue Yang,712020:957b55c4-f617-4ca2-8ece-9b50291ed7d7,05/十二月/25 5:08 上午,05/十二月/25 5:09 上午,,,,0,,,,,,,,,,;05/十二月/25 5:09 上午;712020:957b55c4-f617-4ca2-8ece-9b50291ed7d7;1800,,,0,1800,,,0,1800,,,,,,,,,,,,com.atlassian.servicedesk.plugins.approvals.internal.customfield.ApprovalsCFValue@4a278254,,,,,,,,,,,,,,,,,,,,,,,,,,,,,,,,,0|i04a23:,,,,,,,,,,,,,,,,,,,,,,,,,,,,,,,,,,,,,,,,,,,,,,,,,,,,,,,,,,,,,,,,,,,,,,,,,,,,,,,,,,,,,,,,,,,,,,,,,,,,,,,,,,,,,,,,,,,,,47238,DC320-119,组内管理工作,待办,05/十二月/25 5:08 上午
整理新版编程规范,DC320-122,47311,子任务,CREATED已创建,DC320,AcuDC-320,business,Yanwen Wang,712020:8b826984-d86c-4a33-a641-251511cda1da,,Medium,,Yue Yang,712020:957b55c4-f617-4ca2-8ece-9b50291ed7d7,Yue Yang,712020:957b55c4-f617-4ca2-8ece-9b50291ed7d7,Yue Yang,712020:957b55c4-f617-4ca2-8ece-9b50291ed7d7,05/十二月/25 5:09 上午,05/十二月/25 5:09 上午,,,,0,,,,,,,,,,;05/十二月/25 5:09 上午;712020:957b55c4-f617-4ca2-8ece-9b50291ed7d7;3600,,,0,3600,,,0,3600,,,,,,,,,,,,com.atlassian.servicedesk.plugins.approvals.internal.customfield.ApprovalsCFValue@a2fcb16,,,,,,,,,,,,,,,,,,,,,,,,,,,,,,,,,0|i04a2b:,,,,,,,,,,,,,,,,,,,,,,,,,,,,,,,,,,,,,,,,,,,,,,,,,,,,,,,,,,,,,,,,,,,,,,,,,,,,,,,,,,,,,,,,,,,,,,,,,,,,,,,,,,,,,,,,,,,,,47238,DC320-119,组内管理工作,待办,05/十二月/25 5:09 上午
【AcuDC-320 v1.01p01】上位机修改电缆损失补偿值后，查看echilog日志记录值与实际修改值不一致,DC320-123,47613,故障,CLOSED已关闭,DC320,AcuDC-320,business,Yanwen Wang,712020:8b826984-d86c-4a33-a641-251511cda1da,,Medium,完成,Renjie Jiao,712020:c9594b01-54b4-40f5-a40e-789f1adda839,Renjie Jiao,712020:c9594b01-54b4-40f5-a40e-789f1adda839,Renjie Jiao,712020:c9594b01-54b4-40f5-a40e-789f1adda839,10/十二月/25 2:09 上午,19/三月/26 5:30 上午,,19/三月/26 5:30 上午,,0,上位机,"问题简述:

上位机修改电缆损失补偿值后，查看echilog日志记录值与实际修改值不一致

测试用例编号:

Function_AcuDC320_Sprint2_001_02_case1

前置条件:

1、AcuDC320电表

2、铅封封闭

3、Acuview2

4、RS485

测试步骤：

1、上位机修改电缆损失补偿参数从0改为1

2、查看echilog记录的修改日志

预期结果:

2、echilog日志显示电缆损失补偿从0修改1

实际测试结果:

2、echilog日志显示电缆损失补偿从0修改6.5536

测试人员: 焦任捷

开发人员: 武警生

缺陷出现频率: 必现

测试初步分析:上位机

软件版本: 1.01p01

                mb_boot:v1.01p01

                display_app_v1.01p01

                DR_v01.01_20251104
                MCU_v01.01_20251024",,Jingsheng Wu,Renjie Jiao,,712020:504b1da7-598d-4414-bfa4-b6ed3cdccd90,712020:c9594b01-54b4-40f5-a40e-789f1adda839,,,,,,,,,,,,10/十二月/25 2:07 上午;c1649e5a-d5d7-4afa-b3a0-e24cf27ee848;image-20251210-070728.png;https://accuenergy.atlassian.net/rest/api/3/attachment/content/82088,10/十二月/25 2:07 上午;c1649e5a-d5d7-4afa-b3a0-e24cf27ee848;image-20251210-070739.png;https://accuenergy.atlassian.net/rest/api/3/attachment/content/82087,25/一月/26 10:58 下午;7d6ef2ce-8df0-4779-9f0f-3695c96e3019;image-20251210-072120 (3e862585-77ad-47b4-88d3-4879935d0a86).png;https://accuenergy.atlassian.net/rest/api/3/attachment/content/86547,10/十二月/25 2:21 上午;7d6ef2ce-8df0-4779-9f0f-3695c96e3019;image-20251210-072120.png;https://accuenergy.atlassian.net/rest/api/3/attachment/content/82089,27/一月/26 3:42 上午;c1649e5a-d5d7-4afa-b3a0-e24cf27ee848;image-20260127-084247.png;https://accuenergy.atlassian.net/rest/api/3/attachment/content/86777,19/三月/26 5:30 上午;c1649e5a-d5d7-4afa-b3a0-e24cf27ee848;image-20260319-092940.png;https://accuenergy.atlassian.net/rest/api/3/attachment/content/97991,,,,,com.atlassian.servicedesk.plugins.approvals.internal.customfield.ApprovalsCFValue@30d730de,,,,,,,,,,,,,,,,,,,,,,,,,,,,,,,,,0|i04awr:,,,,,,,,Jingsheng Wu,712020:504b1da7-598d-4414-bfa4-b6ed3cdccd90,,,,,,,,,,,,,,,,,,,,,,,,,,,,,,,,,,2025-12-10 07:21:26.471,11679_*:*_1_*:*_750296_*|*_12384_*:*_2_*:*_3621924450_*|*_12385_*:*_1_*:*_3315_*|*_11680_*:*_2_*:*_5189_*|*_12383_*:*_2_*:*_708344823,,,,,,,,,,,,,,,,,,,,,,,,,,,,,,,,,,,,,,,,,,,,,,Renjie Jiao,712020:c9594b01-54b4-40f5-a40e-789f1adda839,,,,,,,,,,,,,,,,,,,,,"10/十二月/25 2:21 上午;712020:504b1da7-598d-4414-bfa4-b6ed3cdccd90;问题解决版本:1.09p02

问题根因: 解析错误

修改方案: 修改逻辑

给测试验证建议: 无

开发自验正场景*:* 无

测试步骤*：* 1、上位机修改电缆损失补偿参数从0改为1

2、查看echilog记录的修改日志

实际测试结果: 

!image-20251210-072120.png|width=917,alt=""image-20251210-072120.png""!

截图或者日志：","25/一月/26 10:58 下午;712020:504b1da7-598d-4414-bfa4-b6ed3cdccd90;问题解决版本:v1.09p03

问题根因: 同步代码导致，未进入对应逻辑

修改方案: 修改代码

给测试验证建议: 无

开发自验正场景*:* 无

测试步骤*：* 1、上位机修改电缆损失补偿参数显示问题

2、查看echilog记录的修改日志

实际测试结果: 

!image-20251210-072120 (3e862585-77ad-47b4-88d3-4879935d0a86).png|width=917,alt=""image-20251210-072120.png""!

截图或者日志：","27/一月/26 3:42 上午;712020:c9594b01-54b4-40f5-a40e-789f1adda839;回归测试信息如下：

回归测试版本:v1.01p02

上位机：V1.09p02

原场景测试：
Function_AcuDC320_Sprint2_001_02_case1    ----测试结果:failed

扩展场景测试：NA
回归测试结论:failed
回归测试日志:

!image-20260127-084247.png|width=693,alt=""image-20260127-084247.png""!","19/三月/26 5:30 上午;712020:c9594b01-54b4-40f5-a40e-789f1adda839;回归测试信息如下：

回归测试版本:v1.01p03

上位机：V1.09p03

原场景测试：
Function_AcuDC320_Sprint2_001_02_case1    ----测试结果:PASS

扩展场景测试：NA
回归测试结论:PASS
回归测试日志:

!image-20260319-092940.png|width=958,alt=""image-20260319-092940.png""!",,,,,完成,19/三月/26 5:30 上午
【AcuDC-320 v1.01p01】上位机Setting_General界面波特率下拉列表115200显示在中间，未按照升序排列，预期:115200显示在最底部,DC320-124,47747,故障,CLOSED已关闭,DC320,AcuDC-320,business,Yanwen Wang,712020:8b826984-d86c-4a33-a641-251511cda1da,,Medium,完成,Yi Song,712020:183e8c9a-5323-4038-a009-d1580849411e,Yi Song,712020:183e8c9a-5323-4038-a009-d1580849411e,Yi Song,712020:183e8c9a-5323-4038-a009-d1580849411e,10/十二月/25 9:14 下午,27/一月/26 12:34 上午,,27/一月/26 12:34 上午,,0,上位机,"问题简述:

上位机Setting_General界面波特率下拉列表115200显示在中间，未按照升序排列，预期:115200显示在最底部

测试用例编号:

Function_AcuDC320_03_01_case7

前置条件:

1、AcuDC320电表打开

2、上位机RS485方式连接电表

测试步骤：

1、上位机进入Setting_General界面

2、点开波特率选项列表

3、检查显示情况

预期结果:

115200显示在最底，按照升序排列

实际测试结果:

波特率下拉列表115200显示在中间，未按照升序排列

测试人员: 宋祎

开发人员: Jingsheng Wu

缺陷出现频率: 必现

测试初步分析:上位机

软件版本: 1.01p01

                mb_boot:v1.01p01

                display_app_v1.01p01

                DR_v01.01_20251104
                MCU_v01.01_20251024",,Jingsheng Wu,Renjie Jiao,Yi Song,712020:504b1da7-598d-4414-bfa4-b6ed3cdccd90,712020:c9594b01-54b4-40f5-a40e-789f1adda839,712020:183e8c9a-5323-4038-a009-d1580849411e,,,,,,,,,,,10/十二月/25 9:38 下午;7d6ef2ce-8df0-4779-9f0f-3695c96e3019;image-20251211-023831.png;https://accuenergy.atlassian.net/rest/api/3/attachment/content/82217,27/一月/26 12:34 上午;c1649e5a-d5d7-4afa-b3a0-e24cf27ee848;image-20260127-053316.png;https://accuenergy.atlassian.net/rest/api/3/attachment/content/86744,10/十二月/25 9:14 下午;a7e6c640-8ec5-42b9-b6c0-f4a936494684;图像.png;https://accuenergy.atlassian.net/rest/api/3/attachment/content/82215,10/十二月/25 9:14 下午;a7e6c640-8ec5-42b9-b6c0-f4a936494684;图像.png;https://accuenergy.atlassian.net/rest/api/3/attachment/content/82216,,,,,,,com.atlassian.servicedesk.plugins.approvals.internal.customfield.ApprovalsCFValue@f247ac2,,,,,,,,,,,,,,,,,,,,,,,,,,,,,,,,,0|i04bez:,,,,,,,,Jingsheng Wu,712020:504b1da7-598d-4414-bfa4-b6ed3cdccd90,,,,,,,,,,,,,,,,,,,,,,,,,,,,,,,,,,2025-12-11 02:38:37.422,11679_*:*_1_*:*_1458551_*|*_12384_*:*_1_*:*_0_*|*_11680_*:*_1_*:*_2244_*|*_12383_*:*_1_*:*_357147139,,,,,,,,,,,,,,,,,,,,,,,,,,,,,,,,,,,,,,,,,,,,,,Yi Song,712020:183e8c9a-5323-4038-a009-d1580849411e,,,,,,,,,,,,,,,,,,,,,"10/十二月/25 9:38 下午;712020:504b1da7-598d-4414-bfa4-b6ed3cdccd90;问题解决版本:1.09p02

问题根因: 逻辑错误

修改方案: 修改逻辑

给测试验证建议: 无

开发自验正场景*:* 无

测试步骤*：* 1、上位机进入Setting_General界面

2、点开波特率选项列表

3、检查显示情况

实际测试结果: 

!image-20251211-023831.png|width=130,alt=""image-20251211-023831.png""!

截图或者日志：","27/一月/26 12:34 上午;712020:c9594b01-54b4-40f5-a40e-789f1adda839;

回归测试信息如下：

回归测试版本:v1.01p02

上位机：1.09p02

原场景测试：
Function_AcuDC320_03_01_case7   ----测试结果:passed

扩展场景测试：NA
回归测试结论:passed
回归测试日志:

!image-20260127-053316.png|width=741,alt=""image-20260127-053316.png""!",,,,,,,完成,27/一月/26 12:34 上午
【AcuDC-320 v1.01p01】上位机可以修改Modbus RTU Enable状态为off。预期结果：上位机页面不支持修改Modbus RTU Enable状态,DC320-125,47762,故障,CLOSED已关闭,DC320,AcuDC-320,business,Yanwen Wang,712020:8b826984-d86c-4a33-a641-251511cda1da,,Medium,完成,Renjie Jiao,712020:c9594b01-54b4-40f5-a40e-789f1adda839,Renjie Jiao,712020:c9594b01-54b4-40f5-a40e-789f1adda839,Renjie Jiao,712020:c9594b01-54b4-40f5-a40e-789f1adda839,10/十二月/25 9:59 下午,27/一月/26 3:08 上午,,27/一月/26 3:08 上午,,0,上位机,"问题简述:

上位机可以修改Modbus RTU Enable状态为off。预期结果：上位机页面不支持修改Modbus RTU Enable状态

测试用例编号:

N/A

前置条件:

1、AcuDC320电表

2、铅封封闭

3、Acuview2

4、RS485

测试步骤：

1、上位机查看是否可以修改Modbus RTU Enable状态

预期结果:

1、上位机不支持修改Modbus RTU Enable状态

实际测试结果:

2、上位机可以修改Modbus RTU Enable状态

测试人员: 焦任捷

开发人员: 武警生

缺陷出现频率: 必现

测试初步分析:上位机

软件版本: 1.01p01
 mb_boot:v1.01p01

display_app_v1.01p01

DR_v01.01_20251104

MCU_v01.01_20251024

!image-20251211-025941.png|width=669,alt=""image-20251211-025941.png""!",,Jingsheng Wu,Renjie Jiao,,712020:504b1da7-598d-4414-bfa4-b6ed3cdccd90,712020:c9594b01-54b4-40f5-a40e-789f1adda839,,,,,,,,,,,,10/十二月/25 9:59 下午;c1649e5a-d5d7-4afa-b3a0-e24cf27ee848;image-20251211-025856.png;https://accuenergy.atlassian.net/rest/api/3/attachment/content/82222,10/十二月/25 9:59 下午;c1649e5a-d5d7-4afa-b3a0-e24cf27ee848;image-20251211-025941.png;https://accuenergy.atlassian.net/rest/api/3/attachment/content/82223,10/十二月/25 10:12 下午;7d6ef2ce-8df0-4779-9f0f-3695c96e3019;image-20251211-031022.png;https://accuenergy.atlassian.net/rest/api/3/attachment/content/82225,27/一月/26 3:08 上午;c1649e5a-d5d7-4afa-b3a0-e24cf27ee848;image-20260127-080754.png;https://accuenergy.atlassian.net/rest/api/3/attachment/content/86770,,,,,,,com.atlassian.servicedesk.plugins.approvals.internal.customfield.ApprovalsCFValue@1aae9af0,,,,,,,,,,,,,,,,,,,,,,,,,,,,,,,,,0|i04bgz:,,,,,,,,Jingsheng Wu,712020:504b1da7-598d-4414-bfa4-b6ed3cdccd90,,,,,,,,,,,,,,,,,,,,,,,,,,,,,,,,,,2025-12-11 03:12:49.033,11679_*:*_1_*:*_605229_*|*_12384_*:*_1_*:*_0_*|*_11680_*:*_1_*:*_2119_*|*_12383_*:*_1_*:*_355209668,,,,,,,,,,,,,,,,,,,,,,,,,,,,,,,,,,,,,,,,,,,,,,Renjie Jiao,712020:c9594b01-54b4-40f5-a40e-789f1adda839,,,,,,,,,,,,,,,,,,,,,"10/十二月/25 10:12 下午;712020:504b1da7-598d-4414-bfa4-b6ed3cdccd90;!image-20251211-031022.png|width=932,alt=""image-20251211-031022.png""!

问题解决版本:1.09p02

问题根因: 需求要求删除配置

修改方案: 删除控件

给测试验证建议: 无

开发自验正场景*:* 无

测试步骤*：* 1、上位机查看是否可以修改Modbus RTU Enable状态

实际测试结果: 

截图或者日志","27/一月/26 3:08 上午;712020:c9594b01-54b4-40f5-a40e-789f1adda839;回归测试信息如下：

回归测试版本:v1.01p02

上位机：1.09p02

原场景测试：

扩展场景测试：NA
回归测试结论:passed
回归测试日志:

!image-20260127-080754.png|width=633,alt=""image-20260127-080754.png""!",,,,,,,完成,27/一月/26 3:08 上午
【AcuDC-320 v1.01p01】通过modbus命令后台修改Modbus RTU Enable状态为off成功。预期结果：mcu后台限制修改Modbus RTU Enable状态,DC320-126,47777,故障,CLOSED已关闭,DC320,AcuDC-320,business,Yanwen Wang,712020:8b826984-d86c-4a33-a641-251511cda1da,,Medium,完成,Renjie Jiao,712020:c9594b01-54b4-40f5-a40e-789f1adda839,Renjie Jiao,712020:c9594b01-54b4-40f5-a40e-789f1adda839,Renjie Jiao,712020:c9594b01-54b4-40f5-a40e-789f1adda839,10/十二月/25 10:06 下午,27/一月/26 3:21 上午,,27/一月/26 3:21 上午,,0,mcu,"问题简述:

通过modbus命令后台修改Modbus RTU Enable状态为off成功。预期结果：mcu后台限制修改Modbus RTU Enable状态

测试用例编号:

N/A

前置条件:

1、AcuDC320电表

2、铅封封闭

3、Acuview2

4、RS485

测试步骤：

1、通过RTU连接SSCOM，发送modbus命令修改Modbus RTU Enable 为disable

预期结果:

1、修改失败，mcu后台限制修改

实际测试结果:

1、修改失败，导致设备变砖

测试人员: 焦任捷

开发人员: 王培功

缺陷出现频率: 必现

测试初步分析:MCU

软件版本: 1.01p01
 mb_boot:v1.01p01

display_app_v1.01p01

DR_v01.01_20251104

MCU_v01.01_20251024",,Renjie Jiao,,,712020:c9594b01-54b4-40f5-a40e-789f1adda839,,,,,,,,,,,,,27/一月/26 3:21 上午;c1649e5a-d5d7-4afa-b3a0-e24cf27ee848;image-20260127-081940.png;https://accuenergy.atlassian.net/rest/api/3/attachment/content/86775,,,,,,,,,,com.atlassian.servicedesk.plugins.approvals.internal.customfield.ApprovalsCFValue@441a4ff6,,,,,,,,,,,,,,,,,,,,,,,,,,,,,,,,,0|i04bir:,,,,,,,,,,,,,,,,,,,,,,,,,,,,,,,,,,,,,,,,,,,,11679_*:*_1_*:*_4078989647_*|*_12384_*:*_1_*:*_0_*|*_11680_*:*_1_*:*_4420_*|*_12383_*:*_1_*:*_4425,,,,,,,,,,,,,,,,,,,,,,,,,,,,,,,,,,,,,,,,,,,,,,,,,,,,,,,,,,,,,,,,,,,,"27/一月/26 3:21 上午;712020:c9594b01-54b4-40f5-a40e-789f1adda839;回归测试信息如下：

回归测试版本:v1.01p02

上位机：1.09p02

原场景测试：

通过寄存器修改RTU enable  disable状态，不生效，不影响上位机通过RTU连接电表

扩展场景测试：NA
回归测试结论:passed
回归测试日志:

!image-20260127-081940.png|width=348,alt=""image-20260127-081940.png""!",,,,,,,,完成,27/一月/26 3:21 上午
试产,DC320-127,49621,长篇故事,CREATED已创建,DC320,AcuDC-320,business,Yanwen Wang,712020:8b826984-d86c-4a33-a641-251511cda1da,,Medium,,Andy Ng,712020:38858041-b924-44f4-8bc7-7b9e094a2a6b,Jiexin Li,712020:ef496d0f-a115-4c42-a0e8-21ad19b053cf,Jiexin Li,712020:ef496d0f-a115-4c42-a0e8-21ad19b053cf,08/一月/26 9:33 下午,08/一月/26 9:34 下午,,,,0,,,,Jiexin Li,,,712020:ef496d0f-a115-4c42-a0e8-21ad19b053cf,,,,,,,,,,,,,,,,,,,,,,,com.atlassian.servicedesk.plugins.approvals.internal.customfield.ApprovalsCFValue@17eb5b87,,,,,,,,,,,,,,,,,,,,,,,,,,,,,,,,,0|i04hbh:,,,,,,,,,,,,,,,,,,,,,,,,,,,,,,,,,,,,,,,,,,,,,,,,,,,,,,,,,,,,,,,,,,,,,,,,,,,,,,,,,,,,,,,,,,,,,,,,,,,,,,,,,,,,,,,,,,,,,,,,待办,08/一月/26 9:33 下午
采购,DC320-128,49622,长篇故事,CREATED已创建,DC320,AcuDC-320,business,Yanwen Wang,712020:8b826984-d86c-4a33-a641-251511cda1da,,Medium,,,,Jiexin Li,712020:ef496d0f-a115-4c42-a0e8-21ad19b053cf,Jiexin Li,712020:ef496d0f-a115-4c42-a0e8-21ad19b053cf,08/一月/26 9:33 下午,08/一月/26 9:33 下午,,,,0,,,,Jiexin Li,,,712020:ef496d0f-a115-4c42-a0e8-21ad19b053cf,,,,,,,,,,,,,,,,,,,,,,,com.atlassian.servicedesk.plugins.approvals.internal.customfield.ApprovalsCFValue@4c83e428,,,,,,,,,,,,,,,,,,,,,,,,,,,,,,,,,0|i04hbp:,,,,,,,,,,,,,,,,,,,,,,,,,,,,,,,,,,,,,,,,,,,,,,,,,,,,,,,,,,,,,,,,,,,,,,,,,,,,,,,,,,,,,,,,,,,,,,,,,,,,,,,,,,,,,,,,,,,,,,,,待办,08/一月/26 9:33 下午
修改eich log,DC320-129,51055,子任务,CLOSED已关闭,DC320,AcuDC-320,business,Yanwen Wang,712020:8b826984-d86c-4a33-a641-251511cda1da,,Medium,完成,Jingsheng Wu,712020:504b1da7-598d-4414-bfa4-b6ed3cdccd90,Jingsheng Wu,712020:504b1da7-598d-4414-bfa4-b6ed3cdccd90,Jingsheng Wu,712020:504b1da7-598d-4414-bfa4-b6ed3cdccd90,22/一月/26 12:08 上午,22/一月/26 3:23 上午,,22/一月/26 3:23 上午,,0,,,,Jingsheng Wu,,,712020:504b1da7-598d-4414-bfa4-b6ed3cdccd90,,,,,,,,,,,,,,,,,,,,,,,com.atlassian.servicedesk.plugins.approvals.internal.customfield.ApprovalsCFValue@766dd746,,,,,,,,,,,,,,,,,,,,,,,,,,,,,,,,,0|i04jot:,,,,,,,,,,,,,,,,,,,,,,,,,,,,,,,,,,,,,,,,,,,,11679_*:*_1_*:*_11720485_*|*_11681_*:*_1_*:*_0,,,,,,,,,,,,,,,,,,,,,,,,,,,,,,,,,,,,,,,,,,,,,,,,,,,,,,,,,,,,,,,,,,,,,,,,,36685,DC320-33,上位机,完成,22/一月/26 3:23 上午
【AcuDC-321 v1.01p02】需要修改上位机Device information页面设备信息,DC320-130,51785,故障,CLOSED已关闭,DC320,AcuDC-320,business,Yanwen Wang,712020:8b826984-d86c-4a33-a641-251511cda1da,,Medium,完成,Renjie Jiao,712020:c9594b01-54b4-40f5-a40e-789f1adda839,Renjie Jiao,712020:c9594b01-54b4-40f5-a40e-789f1adda839,Renjie Jiao,712020:c9594b01-54b4-40f5-a40e-789f1adda839,27/一月/26 3:37 上午,19/三月/26 5:39 上午,,19/三月/26 5:39 上午,,0,上位机,"问题简述:

修改上位机Device information页面设备信息

测试用例编号:

N/A

前置条件:

1、AcuDC320电表

2、铅封封闭

3、Acuview2

4、RS485

测试步骤：

1、上位机查看Device information页面设备信息

预期结果:

1、

|Device Information| |
|Model|AcuDC-321-1500V-1500A-P2|
|Serial Number|MDB560112345|
|Voltage Input|1500V|
|Current Input |1500A|
|Power Supply|9-36V DC|
|MAC Address|EC-C3-8A-00-00-01|
|Hardware Version|v1.01|
|Firmware Version|v1.04p13|
|Bootloader Version|v1.03p02|
|Manufacturer|Accuenergy (Canada) Inc.|

实际测试结果:

1、

!image-20260127-083716.png|width=440,alt=""image-20260127-083716.png""!



测试人员: 焦任捷

开发人员: 武警生

缺陷出现频率: 必现

测试初步分析:上位机",,Jingsheng Wu,Renjie Jiao,,712020:504b1da7-598d-4414-bfa4-b6ed3cdccd90,712020:c9594b01-54b4-40f5-a40e-789f1adda839,,,,,,,,,,,,27/一月/26 3:37 上午;c1649e5a-d5d7-4afa-b3a0-e24cf27ee848;image-20260127-083716.png;https://accuenergy.atlassian.net/rest/api/3/attachment/content/86776,29/一月/26 4:20 上午;7d6ef2ce-8df0-4779-9f0f-3695c96e3019;image-20260129-091740.png;https://accuenergy.atlassian.net/rest/api/3/attachment/content/87131,19/三月/26 5:39 上午;c1649e5a-d5d7-4afa-b3a0-e24cf27ee848;image-20260319-093134.png;https://accuenergy.atlassian.net/rest/api/3/attachment/content/98002,,,,,,,,com.atlassian.servicedesk.plugins.approvals.internal.customfield.ApprovalsCFValue@6e514205,,,,,,,,,,,,,,,,,,,,,,,,,,,,,,,,,0|i04khh:,,,,,,,,Jingsheng Wu,712020:504b1da7-598d-4414-bfa4-b6ed3cdccd90,,,,,,,,,,,,,,,,,,,,,,,,,,,,,,,,,,2026-01-29 09:20:52.246,11679_*:*_1_*:*_175122654_*|*_12384_*:*_1_*:*_0_*|*_11680_*:*_1_*:*_2500_*|*_12383_*:*_1_*:*_3340055,,,,,,,,,,,,,,,,,,,,,,,,,,,,,,,,,,,,,,,,,,,,,,,,,,,,,,,,,,,,,,,,,,,,"29/一月/26 4:20 上午;712020:504b1da7-598d-4414-bfa4-b6ed3cdccd90;问题解决版本:v1.09p03

问题根因: 同步代码导致，未进入对应逻辑

修改方案: 修改代码

给测试验证建议: 无

开发自验正场景*:* 无

测试步骤*：* 1、上位机修改电缆损失补偿参数显示问题

2、查看echilog记录的修改日志

实际测试结果: 

!image-20260129-091740.png|width=917,alt=""image-20260129-091740.png""!","19/三月/26 5:39 上午;712020:c9594b01-54b4-40f5-a40e-789f1adda839;回归测试信息如下：

回归测试版本:v1.01p03

上位机：V1.09p03

原场景测试：
N/A

扩展场景测试：NA
回归测试结论:PASS
回归测试日志:

!image-20260319-093134.png|width=686,alt=""image-20260319-093134.png""!",,,,,,,完成,19/三月/26 5:39 上午
【AcuDC-320 v1.01p02】电表断电重启或者升级重启后，电流精度不准，误差值达到3.5%,DC320-131,51787,故障,CREATED已创建,DC320,AcuDC-320,business,Yanwen Wang,712020:8b826984-d86c-4a33-a641-251511cda1da,,High,,Zan Hu,712020:5a15a1f8-5aa6-4fb5-92d9-2ec023890094,Renjie Jiao,712020:c9594b01-54b4-40f5-a40e-789f1adda839,Renjie Jiao,712020:c9594b01-54b4-40f5-a40e-789f1adda839,27/一月/26 4:14 上午,27/一月/26 4:14 上午,,,,0,硬件问题,"问题简述:

输出1000V 20A，电表断电重启之后，上位机查看电流读数为20.7A，误差值为3.5%，再次重启电表，电流精度恢复正常

输出1000V 20A，电表执行升级，升级完成重启，上位机查看电流读数为20.7A，误差值为3.5%，再次重启电表，电流精度恢复正常

测试用例编号:

Function_AcuDC320_04_01_case6

前置条件:

1、AcuDC320电表

2、铅封封闭

3、Acuview2

4、RS485

测试步骤：

1、输出1000V，20A，上位机升级电表，电表重启

2、电表重启后，上位机查看电流值

预期结果:

2、电流误差值在0.5%范围内

实际测试结果:

2、上位机读取电流值为20.7A，超出误差范围。

测试人员: 焦任捷

开发人员: yangdong

缺陷出现频率: 必现

测试初步分析:硬件

软件版本: 

app：1.01p02

mb_boot：v1.01p02

display：v1.01p02

上位机：v1.09p02",,Renjie Jiao,,,712020:c9594b01-54b4-40f5-a40e-789f1adda839,,,,,,,,,,,,,,,,,,,,,,,com.atlassian.servicedesk.plugins.approvals.internal.customfield.ApprovalsCFValue@1f4fc36,,,,,,,,,,,,,,,,,,,,,,,,,,,,,,,,,0|i04khx:,,,,,,,,,,,,,,,,,,,,,,,,,,,,,,,,,,,,,,,,,,,,,,,,,,,,,,,,,,,,,,,,,,,,,,,,,,,,,,,,,,,,,,,,,,,,,,,,,,,,,,,,,,,,,,,,,,,,,,,,待办,27/一月/26 4:14 上午
charging界面同步时间添加设备时间以及刷新按键,DC320-132,54547,任务,CLOSED已关闭,DC320,AcuDC-320,business,Yanwen Wang,712020:8b826984-d86c-4a33-a641-251511cda1da,,Medium,完成,Jingsheng Wu,712020:504b1da7-598d-4414-bfa4-b6ed3cdccd90,Jingsheng Wu,712020:504b1da7-598d-4414-bfa4-b6ed3cdccd90,Jingsheng Wu,712020:504b1da7-598d-4414-bfa4-b6ed3cdccd90,10/二月/26 2:40 上午,10/二月/26 4:28 上午,,10/二月/26 2:43 上午,,0,,,,Jingsheng Wu,,,712020:504b1da7-598d-4414-bfa4-b6ed3cdccd90,,,,,,,,,,,,,,,,,,,,,,,com.atlassian.servicedesk.plugins.approvals.internal.customfield.ApprovalsCFValue@1e3090cc,,,,,,,,,,,,,,,,,,,,,,,,,,,,,,,,,0|i04ne5:,,,,,,,,,,,,,,,,,,,,,,,,,,,,,,,,,,,,,,,,,,,,11679_*:*_1_*:*_198456_*|*_11681_*:*_1_*:*_0,,,,,,,,,,,,,,,,,,,,,,,,,,,,,,,,,,,,,,,,,,,,,,,,,,,,,,,,,,,,,,,,,,,,10/二月/26 4:28 上午;712020:504b1da7-598d-4414-bfa4-b6ed3cdccd90;已修改,,,,,,,,完成,10/二月/26 2:43 上午
订购信息修改,DC320-133,67260,任务,CLOSED已关闭,DC320,AcuDC-320,business,Yanwen Wang,712020:8b826984-d86c-4a33-a641-251511cda1da,,Medium,完成,Jingsheng Wu,712020:504b1da7-598d-4414-bfa4-b6ed3cdccd90,Jingsheng Wu,712020:504b1da7-598d-4414-bfa4-b6ed3cdccd90,Jingsheng Wu,712020:504b1da7-598d-4414-bfa4-b6ed3cdccd90,20/四月/26 4:15 上午,20/四月/26 4:16 上午,,20/四月/26 4:16 上午,,0,,"型号字符串格式如AcuDC-321-1500V-1500A-P2--MID- 

* 功能 

* 目前我们仅支持321 

* 电压输入 

* 目前我们仅支持1500V 

* 电流输入 

* 1500 A 

* 电源 

* 目前我们仅支持P2: 9-36Vdc 

* +显示+ 

* +带显示模块: RDU+ 

* +不带显示模块: 空+ 

* -认证- 

* -目前我们仅支持MID- 

+因此目前共有两种选型+ 

* +*AcuDC-321-1500V-1500A-P2-RDU*++ + 

* +*AcuDC-321-1500V-1500A-P2*+ 

 

+*认证：*+ 

* +UL认证两个型号+ 

* +MID只认证++*AcuDC-321-1500V-1500A-P2-RDU*++ ，因为MID必须有显示。+ ",,Jingsheng Wu,,,712020:504b1da7-598d-4414-bfa4-b6ed3cdccd90,,,,,,,,,,,,,,,,,,,,,,,com.atlassian.servicedesk.plugins.approvals.internal.customfield.ApprovalsCFValue@2af38aa6,,,,,,,,,,,,,,,,,,,,,,,,,,,,,,,,,0|i052yl:,,,,,,,,,,,,,,,,,,,,,,,,,,,,,,,,,,,,,,,,,,,,11679_*:*_1_*:*_20069_*|*_11681_*:*_1_*:*_0,,,,,,,,,,,,,,,,,,,,,,,,,,,,,,,,,,,,,,,,,,,,,,,,,,,,,,,,,,,,,,,,,,,,,,,,,,,,完成,20/四月/26 4:16 上午
主控 - 增加“RemoteDisplayType”用于区分产品型号。,DC320-134,67299,任务,CLOSED已关闭,DC320,AcuDC-320,business,Yanwen Wang,712020:8b826984-d86c-4a33-a641-251511cda1da,,Medium,完成,Peigong Wang,712020:70605205-f69c-4bea-8d5c-594fd3cbe04e,Peigong Wang,712020:70605205-f69c-4bea-8d5c-594fd3cbe04e,Peigong Wang,712020:70605205-f69c-4bea-8d5c-594fd3cbe04e,20/四月/26 8:48 下午,23/四月/26 8:55 下午,,23/四月/26 8:33 下午,20/四月/26 12:00 上午,0,,,,Peigong Wang,,,712020:70605205-f69c-4bea-8d5c-594fd3cbe04e,,,,,,,,,,,,,,,,,,,,,,,com.atlassian.servicedesk.plugins.approvals.internal.customfield.ApprovalsCFValue@15fdde24,,,,,,,,,,,,,,,,,,,,,,,,,,,,,,,,,0|i0535p:,,,,,,,,,,,,,,,,,,,,20/四月/26 12:00 上午,,,,,,,,,,,,,,,,,,,,,,,,11679_*:*_1_*:*_258329280_*|*_11681_*:*_1_*:*_0,,,,,,,,,,,,,,,,,,,,,,,,,,,,,,,,,,,,,,,,,,,,,,Peigong Wang,712020:70605205-f69c-4bea-8d5c-594fd3cbe04e,,,,,,,,,,,,,,,,,,,,,,,,,,,,,完成,23/四月/26 8:33 下午
RemoteDisplay - 增加功能，HMI上根据配置显示产品型号。,DC320-135,67300,任务,CLOSED已关闭,DC320,AcuDC-320,business,Yanwen Wang,712020:8b826984-d86c-4a33-a641-251511cda1da,,Medium,完成,Shaoying Wang,712020:90f11bd4-565d-4a3c-bcc8-d5abf81c5814,Peigong Wang,712020:70605205-f69c-4bea-8d5c-594fd3cbe04e,Peigong Wang,712020:70605205-f69c-4bea-8d5c-594fd3cbe04e,20/四月/26 8:51 下午,23/四月/26 6:53 上午,,23/四月/26 6:53 上午,,0,,,,Peigong Wang,,,712020:70605205-f69c-4bea-8d5c-594fd3cbe04e,,,,,,,,,,,,,,,,,,,,,,,com.atlassian.servicedesk.plugins.approvals.internal.customfield.ApprovalsCFValue@78e66f94,,,,,,,,,,,,,,,,,,,,,,,,,,,,,,,,,0|i0535x:,,,,,,,,,,,,,,,,,,,,,,,,,,,,,,,,,,,,,,,,,,,,11679_*:*_1_*:*_208926465_*|*_11680_*:*_1_*:*_0,,,,,,,,,,,,,,,,,,,,,,,,,,,,,,,,,,,,,,,,,,,,,,,,,,,,,,,,,,,,,,,,,,,,,,,,,,,,完成,23/四月/26 6:53 上午
【AcuDC-320 v1.01p04】上电启动过程中，HMI界面瞬间闪现错误提示“Fail to connect Please check!”，提示自动消失后系统可正常进入主界面。预期：上电过程中，不会出现错误提示,DC320-136,67304,任务,CREATED已创建,DC320,AcuDC-320,business,Yanwen Wang,712020:8b826984-d86c-4a33-a641-251511cda1da,,Low,,,,Renjie Jiao,712020:c9594b01-54b4-40f5-a40e-789f1adda839,Renjie Jiao,712020:c9594b01-54b4-40f5-a40e-789f1adda839,21/四月/26 1:53 上午,21/四月/26 1:53 上午,,,,0,,,,Renjie Jiao,,,712020:c9594b01-54b4-40f5-a40e-789f1adda839,,,,,,,,,,,,,,,,,,,,,,,com.atlassian.servicedesk.plugins.approvals.internal.customfield.ApprovalsCFValue@2a5d4e13,,,,,,,,,,,,,,,,,,,,,,,,,,,,,,,,,0|i0536t:,,,,,,,,,,,,,,,,,,,,,,,,,,,,,,,,,,,,,,,,,,,,,,,,,,,,,,,,,,,,,,,,,,,,,,,,,,,,,,,,,,,,,,,,,,,,,,,,,,,,,,,,,,,,,,,,,,,,,,,,待办,21/四月/26 1:53 上午
【AcuDC-321 v1.01p04】上电启动过程中，HMI界面瞬间闪现错误提示“Fail to connect Please check!”，提示自动消失后系统可正常进入主界面。预期：上电过程中，不会出现错误提示,DC320-137,67305,故障,REJECTED已拒绝,DC320,AcuDC-320,business,Yanwen Wang,712020:8b826984-d86c-4a33-a641-251511cda1da,,Low,完成,Shaoying Wang,712020:90f11bd4-565d-4a3c-bcc8-d5abf81c5814,Renjie Jiao,712020:c9594b01-54b4-40f5-a40e-789f1adda839,Renjie Jiao,712020:c9594b01-54b4-40f5-a40e-789f1adda839,21/四月/26 1:57 上午,21/四月/26 9:05 下午,,21/四月/26 9:05 下午,,0,HMI,"问题简述:：

上电启动过程中，HMI界面瞬间闪现错误提示“Fail to connect Please check!”，提示自动消失后系统可正常进入主界面。预期：上电过程中，不会出现错误提示



前置条件:
1、Acuview2上位机
2、网线/RTU串口线
3、AcuDC321电表

测试步骤：
1、电表下电，重新上电

2、查看HMI显示正常

预期结果:

2、上电过程中，HMI显示正常

实际测试结果:

2、上电过程中，HMI出现“Fail to connect Please check!”

测试人员: 焦任捷
开发人员:shaoying wang
缺陷出现频率: 必现
测试初步分析:",,Renjie Jiao,Shaoying Wang,,712020:c9594b01-54b4-40f5-a40e-789f1adda839,712020:90f11bd4-565d-4a3c-bcc8-d5abf81c5814,,,,,,,,,,,,21/四月/26 1:57 上午;c1649e5a-d5d7-4afa-b3a0-e24cf27ee848;image-20260421-055747.png;https://accuenergy.atlassian.net/rest/api/3/attachment/content/103711,21/四月/26 1:57 上午;c1649e5a-d5d7-4afa-b3a0-e24cf27ee848;问题视频.mp4;https://accuenergy.atlassian.net/rest/api/3/attachment/content/103712,21/四月/26 1:57 上午;c1649e5a-d5d7-4afa-b3a0-e24cf27ee848;问题视频.mp4;https://accuenergy.atlassian.net/rest/api/3/attachment/content/103713,,,,,,,,com.atlassian.servicedesk.plugins.approvals.internal.customfield.ApprovalsCFValue@1cc35be7,,,,,,,,,,,,,,,,,,,,,,,,,,,,,,,,,0|i05371:,,,,,,,,,,,,,,,,,,,,,,,,,,,,,,,,,,,,,,,,,,,2026-04-22 01:02:22.321,11679_*:*_1_*:*_68837389_*|*_12386_*:*_1_*:*_0,,,,,,,,,,,,,,,,,,,,,,,,,,,,,,,,,,,,,,,,,,,,,,Renjie Jiao,712020:c9594b01-54b4-40f5-a40e-789f1adda839,,,,,,,,,,,,,,,,,,,,,"21/四月/26 9:02 下午;712020:90f11bd4-565d-4a3c-bcc8-d5abf81c5814;这个不属于故障。

临时显示 Failed 是因为通信临时有问题，稍后会很快自动恢复。",,,,,,,,完成,21/四月/26 9:05 下午
